-- phpMyAdmin SQL Dump
-- version 4.5.1
-- http://www.phpmyadmin.net
--
-- Host: 127.0.0.1
-- Generation Time: Jan 12, 2017 at 03:32 PM
-- Server version: 10.1.13-MariaDB
-- PHP Version: 5.6.23

SET SQL_MODE = "NO_AUTO_VALUE_ON_ZERO";
SET time_zone = "+00:00";


/*!40101 SET @OLD_CHARACTER_SET_CLIENT=@@CHARACTER_SET_CLIENT */;
/*!40101 SET @OLD_CHARACTER_SET_RESULTS=@@CHARACTER_SET_RESULTS */;
/*!40101 SET @OLD_COLLATION_CONNECTION=@@COLLATION_CONNECTION */;
/*!40101 SET NAMES utf8mb4 */;

--
-- Database: `db_oes`
--

-- --------------------------------------------------------

--
-- Table structure for table `exam`
--

CREATE TABLE `exam` (
  `id` int(5) NOT NULL,
  `topic_id` int(5) NOT NULL,
  `question` tinytext COLLATE utf8_unicode_ci NOT NULL,
  `choice1` varchar(100) COLLATE utf8_unicode_ci NOT NULL,
  `choice2` varchar(100) COLLATE utf8_unicode_ci NOT NULL,
  `choice3` varchar(100) COLLATE utf8_unicode_ci NOT NULL,
  `choice4` varchar(100) COLLATE utf8_unicode_ci NOT NULL,
  `choice5` varchar(100) COLLATE utf8_unicode_ci NOT NULL,
  `answer` int(1) NOT NULL
) ENGINE=InnoDB DEFAULT CHARSET=utf8 COLLATE=utf8_unicode_ci;

--
-- Dumping data for table `exam`
--

INSERT INTO `exam` (`id`, `topic_id`, `question`, `choice1`, `choice2`, `choice3`, `choice4`, `choice5`, `answer`) VALUES
(1, 1, 'ระบบฐานข้อมูล หมายถึง', 'เป็นการนำเอาข้อมูลต่างๆที่มีความสัมพันธ์กันมาจัดเก็บไว้ที่เดียวกัน', 'การเปลี่ยนแปลงข้อมูล', 'การเพิ่มหรือลบข้อมูล', 'การแก้ไขข้อมูล', 'การบันทึกข้อมูล', 1),
(3, 1, 'คำศัพท์ต่างๆที่ต้องรู้จักในระบบฐานข้อมูลคืออะไร', 'Entity', 'Attribute', 'Relationship', 'ถูกทุกข้อ', ' ', 4),
(4, 1, 'ข้อมูล คืออะไร', 'ข้อมูลที่ประมวลผลเป็นสารสนเทศ', 'ข้อความที่ใช้แทนคน สัตว์ สิ่งของ', 'ข้อเท็จจริงที่เป็นตัวเลข ข้อความ หรือเป็นภาพ เสียง วิดีโอ ข้อเท็จจริง', 'ข้อความที่พิสูจน์ได้', 'ข้อเท็จจริงเกี่ยวกับทุกสิ่งหรือเหตุการณ์', 3),
(5, 1, 'การเก็บข้อมูลที่แต่ละฝ่ายมีเหมือนกันเพียงแฟ้มเดียวแต่ทุกฝ่ายสามารถใช้ข้อมูลร่วมกันได้', 'การลดความซ้ำซ้อนของข้อมูล', 'การลดความขัดแย้งการจัดเก็บข้อมูล', 'ความเป็นมาตรฐานเดียวกันของข้อมูล', 'ความเป็นอิสระของข้อมูลจากโปรแกรม', 'ข้อมูลที่เหมือนกันนำมารวมกัน', 1),
(6, 1, 'องค์ประกอบของระบบฐานข้อมูล คือข้อใด', 'ฮาร์ดแวร์ ซอฟต์แวร์ ', 'ฮาร์ดแวร์ ซอฟต์แวร์ ข้อมูล', 'ฮาร์ดแวร์  ซอฟต์แวร์ ผู้ใช้', 'ฮาร์ดแวร์ ซอฟต์แวร์ ข้อมูล ผู้ใช้ระบบฐานข้อมูล', 'ข้อมูล ผู้ใช้ ฮาร์ดแวร์', 4),
(7, 1, '.ความอิสระของข้อมูล มีกี่สาเหตุ', '1 สาเหตุ', '2 สาเหตุ', '3 สาเหตุ', '4 สาเหตุ', '5 สาเหตุ', 2),
(8, 1, 'Database Management System (DBMS) คืออะไร', 'ข้อเท็จจริงที่เป็นตัวเลข ข้อความ หรือเป็นภาพ เสียง วิดีโอ ข้อเท็จจริง', 'ความเป็นอิสระของข้อมูล', 'เป็นตัวกลางในการติดต่อระหว่าง ผู้ใช้กับฐานข้อมูล', 'เป็นการนำเอาข้อมูลต่างๆที่มีความสัมพันธ์มาจัดเก็บไว้ที่เดียวกัน', 'การเก็บรักษาข้อมูลที่มีความปลอดภัยสูง', 3),
(9, 1, 'หน้าที่ของ DBMS คืออะไร', 'วิเคราะห์ระบบ', 'ออกแบบผลลัพธ์', 'แปลคำสั่ง SQL ของผู้ใช้ให้เป็นแบบที่ฐานข้อมูลเข้าใจ', 'ทำความเข้าใจกับข้อมูล', '.การเขียนโปรแกรมที่ผู้ใช้นำมาใช้งาน', 3),
(10, 1, 'ประโยชน์ของฐานข้อมูล คืออะไร', 'ลดความซ้ำซ้อน', 'หลีกเลี่ยงความขัดแย้งของข้อมูล', 'ข้อมูลเป็นอิสระจากโปรแกรม', 'สามารถใช้ข้อมูลร่วมกันได้', 'ถูกทุกข้อ', 5),
(11, 1, '.Data Dictionary เรียกอีกอย่างว่าอะไร', 'Metadata', 'Data Redundancy', 'Data Inconsistency', 'Database System', 'Database Management', 1),
(12, 10, 'E-R Model (Entity Relationship Model) หมายถึงอะไร', 'เป็นข้อเท็จจริงที่ประมวลผลเป็นสารสนเทศ', 'ความเป็นอิสระของข้อมูลจากโปรแกรม', 'เป็นโมเดลที่มีความสัมพันธ์มาจัดเก็บ', 'โมเดลข้อมูลเชิงสัมพันธ์', 'การเขียนโปรแกรมระบบที่มีความสัมพันธ์กัน', 4),
(13, 10, 'คำศัพท์ที่ใช้ใน Semantic Model คือข้อใด', 'Entity', 'Property', 'Identity', 'Relationship', 'ถูกทุกข้อ', 5),
(14, 10, 'Entity หมายถึงอะไร', 'ได้แก่ สิ่งต่างๆที่จับต้องได้และจับต้องไม่ได้ ที่สามารถระบุเป็นข้อมูลได้ นำมารวมกันในคุณลักษณะ', 'คุณลักษณะต่างๆของ Entity set', 'แต่ละ Entity ภายใต้ Entity set  เดียวกัน', 'Entity set ตั้งแต่ 2 Entity  set ขึ้นไป', 'การเชื่อมโยงข้อมูล Entity', 1),
(15, 10, 'คุณลักษณะต่างๆ ของ Entity Set คือข้อใด', 'Entity', 'Identity', 'Property', 'Relationship', 'Subtype', 3),
(16, 10, 'ความสัมพันธ์ระหว่าง Entity จะใช้รูปข้าวหลามตัด คืออะไร', 'Relationship', 'Entity', 'Property', 'Identity', 'Supertype Entity', 1),
(17, 10, 'Binary Relationship คืออะไร', 'ความสัมพันธ์ที่เกิดขึ้นระหว่าง 2 Entity', 'ความสัมพันธ์ที่เกิดขึ้นมากกว่า 2 Entity ขึ้นไป', 'ความสัมพันธ์ที่เกิดขึ้น 3 Entity', 'ความสัมพันธ์ของฐานข้อมูล', 'ความสัมพันธ์ของการเชื่อมโยง', 1),
(18, 10, 'N-ary Relationship คืออะไร', 'ความสัมพันธ์ที่เกิดขึ้นพียง 1 Entity ', 'ความสัมพันธ์ที่เกิดขึ้นมากกว่า 2 Entity ขึ้นไป', 'ความสัมพันธ์เพียงหนึ่งเดียว', 'ความสัมพันธ์ที่เกิดขึ้นระหว่าง 2 Entity', 'ความสัมพันธ์ของฐานข้อมูล', 2),
(19, 10, 'Property ของ Entity ที่มีค่าหน่วยย่อยอีกไม่ได้ เรียกว่าอะไร', 'Single Valued Property', 'Key', 'Simple Property', 'Composite Property', 'Supertype Entity', 3),
(20, 10, 'คุณสมบัติของแผนภาพที่ดี คือข้อใด', 'อธิบายโครงสร้างได้เป็นอย่างดีและครบถ้วน', 'ง่ายต่อการเข้าใจ', 'มีความชัดเจน', 'มีรูปแบบที่เป็นมาตรฐาน', 'ถูกทุกข้อ', 5),
(21, 10, 'การค้นหา Entity คือข้อใด', 'ตามขั้นตอนการทำงาน', 'อุปกรณ์ต่างๆที่ระบบใช้ในการติดต่อ', 'ลำดับเหตุการณ์ บุคคล', 'สิ่งที่มีผลต่อระบบงาน', 'ถูกทุกข้อ', 5),
(27, 2, 'การทำนอร์มัลไลซ์เซชั่น (Normalization) คืออะไร', 'โครงสร้างสารสนเทศประกอบด้วยรายละเอียดของข้อมูลที่เกี่ยวข้อง', 'ข้อมูลที่ได้ผ่านกระบวนการประมวลผลแล้ว', 'เป็นหน่วยที่มีขนาดเล็กที่สุด สามารถเข้าใจและนำไปใช้งานได้', 'เป็นวิธีการตรวจสอบและแก้ไขปัญหาทางด้านความซ้ำซ้อนของข้อมูล', 'กลุ่มคำสั่งที่ใช้อธิบายหรือกลุ่มงานที่จะประมวลผลคอมพิวเตอร์', 4),
(28, 2, 'ขั้นตอนการทำ Normalization มีกี่ขั้นตอน', '3 ขั้นตอน', '4 ขั้นตอน', '5 ขั้นตอน', '6 ขั้นตอน', '7 ขั้นตอน', 4),
(29, 2, 'Funtion Dependency (FDs) หมายถึงอะไร', 'ค่าระบุของ Dependency ที่สัมพันธ์มากกว่า 1 ค่า', 'แอตตริบิวต์จำนวน 1 หรือมากกว่าสามารถบ่งชี้และแยกแยะข้อมูลในแต่ละ Tuple ได้', 'ทุกแอตตริบิวต์จะต้องไม่มีข้อมูลแบบ Repeating Group', 'การที่ค่าของแอตตริบิวต์หนึ่งหรือแอตตริบิวต์หนึ่งตั้งแต่หนึ่งตัวขึ้นไปมาประกอบกันล้วทำการระบุค่าของแอ', 'ความสัมพันธ์ของแอตตริบิวต์บางส่วน', 4),
(30, 2, 'FB : Project_no	Student/or/ FD : Student	Project_no คือประเภท FDs ข้อใค', 'ความสัมพันธ์อย่างละ 1 ค่า', 'ความสัมพันธ์มากกว่า 1 ค่า', 'ความสัมพันธ์ 2 ทาง', 'Determinant มากกว่า 1 ค่า', 'ความสัมพันธ์หลายๆค่า', 3),
(31, 2, 'นิยาม “ทุกๆ Attribute ใน Relation จะต้องมีคุณสมบัติ Atomicity ถึงจะต้องไม่มีข้อมูลแบบ Repeating Group” คือนิยามของข้อใ?', 'First Normal Form (1NF)', 'Second Normal Form (2NF)', 'Third Normal Form (3NF)', 'Fourth Normal Form (4NF)', 'Fifth Normal Form (5NF)', 1),
(32, 2, 'ประโยชน์การทำนอร์มัลไลซ์เซชั่น ข้อใดผิด', 'ลดที่ว่างที่ต้องใช้ในการเก็บข้อมูล', 'ลดความผิดพลาด ความไม่ตรงกันของข้อมูลในฐานข้อมูล', 'ลดการเกิดอะนอร์มัลไลซ์เซชั่นของการลบและแก้ไขข้อมูล', 'เพิ่มความคงทนแก่โครงสร้างฐานข้อมูล', 'ปรับโครงสร้างของข้อมูลของรีเลชั่น', 5),
(33, 2, 'ความสัมพันธ์ระหว่างค่าของแอทตริบิวต์แบบหลายค่ามักเกิดกับรีเลชั่น เรียกว่าอะไร', 'Reperting Group', 'Fully Funtion Dependeny', 'Fully Funtion Dependeny', 'Join Dependeny', 'Relation Key', 3),
(34, 2, 'การทำนอร์มัลไลซ์เซชั่น กระทำขั้นตอนด็เพียงพอแล้ว', '1 NF', '2 NF', '3 NF', '4 NF', 'BCNF', 5),
(35, 2, 'แอททริบิวตี่เป็น Determinant อยู่ในคุณสมบัติของอะไร', '1 NF', '2 NF', '3 NF', '4 NF', 'BCNF', 5),
(36, 2, 'จุดประสงค์ของการทำนอร์มัลไลซ์เซชั่น คือข้อใด', 'ลดเนื้อที่ในการจัดเก็บข้อมูล', 'ลดปัญหาความไม่ถูกต้องข้อมูล', 'ลดข้อผิดพลาดจากการเปลี่ยนแปลงข้อมูล', 'ถูกทุกข้อ', ' ', 4),
(37, 3, 'ระบบฐานข้อมูล Oracle คืออะไร', 'โปรแกรมที่ทำหน้าที่ประสานการทำงาน ติดต่อการทำงานระหว่างฮาร์ดแวรืและซอฟต์แวร์ประยุกต์', 'ซอฟต์แวร์ที่ใช้สำหรับการทำงานต่างๆตามที่ต้องการ เช่น การทำงานเอกสาร งานกราฟิก', 'ชุดโปรแกรมที่อยู่ระหว่างฮาร์ดแวร์และซอฟต์แวร์มีหน้าที่ควบคุมการปฏิบัติงานของ ฮาร์ดแวร์', 'ซอฟต์แวร์สำหรับงานเฉพาะด้าน', 'ซอฟต์แวร์ที่มีส่วนประกอบภายในหลายๆส่วนที่มีหน้าที่ต่างๆกันออกไป', 5),
(38, 3, 'ข้อใดไม่ใช่รุ่นของระบบฐานข้อมูล Oracle', 'Oracle Databae 10g Enterprise Edition', 'Oracle Databae 11g Enterprise Edition', 'Oracle Databae 11g Standard Edition', 'Oracle Databae 11g Standard Edition one', 'Oracle Databae 10g Express Edition', 1),
(39, 3, 'ชื่อระบบปฏิบัติการที่ใช้ Oracle ข้อใดถูกต้อง', 'Windows 2000', 'Windows XP Professional', 'Windows Server 2003 ทุกรุ่น', 'Windows Vista Business', 'ถูกทุกข้อ', 5),
(40, 3, 'ซอฟต์แวร์และเครื่องคอมพิวเตอร์ที่ต้องเตรียม ใช้เนื้อที่ของดิสก์อย่างน้อยกี่ GB', '1 GB', '2 GB', '3 GB', '4 GB', '5 GB', 5),
(41, 3, 'การติดตั้งลงบนเครื่องที่ต่ออยู่กับระบบ Network ใช้สิ่งใดในการติดตั้ง', 'Looppack Adapter', 'Internet', 'IP Address', 'Intranet', 'Extranet', 3),
(42, 3, 'ขั้นตอนของการติดตั้งระบบฐานข้อมูล Oracle คือข้อใด', 'โหลดโปรแกรมระบบฐานข้อมูล Oracle', 'ติดตั้งระบบฐานข้อมูล', 'กำหนดเรื่องการแสดงภาษา', 'ติดตั้ง JDK', 'ทำการ Double click', 3),
(43, 3, 'Regiona and Language options คืออะไร', 'การจัดเก็บข้อมูล', 'กำหนดเรื่องของการแสดงภาษา', 'การติดตั้งซอฟต์แวร์', 'การติดตั้งระบบฐานข้อมูล', 'การสร้างฐานข้อมูล', 2),
(44, 3, 'เพราะเหตุใดการติดตั้งระบบฐานข้อมูลเกิดข้อผิดพลาดระหว่างการติดตั้ง', 'ไม่ได้ปิดารใช้งานอินเทอร์เน็ต', 'อินเทอร์เน็ตขัดข้อง', 'ไม่ได้ปิดการใช้งานซอฟต์แวร์ Antivirus และ Firewall', 'ไฟล์ผิดปกติ', 'เครือข่ายล้มเหลว', 3),
(45, 3, 'การติดตั้ง JDK (Java Development Kit) อย่างน้อยต้องเป็นเวอร์ชั่นอะไร', 'JDK 3.0', 'JDK 4.0', 'JDK 5.0', 'JDK 6.0', 'JDK 7.0', 3),
(46, 3, 'การยืนยันตัวตนของผู้เข้าใช้ต่อระบบฐานข้อมูล เรียกว่าอะไร', ' User', 'E-mail', 'Password', 'Database Authentication', 'IP Address', 4),
(47, 8, 'SQL Developer คืออะไร', 'เป็นภาษาสำคัญที่สุดในการใช้งานข้อมูลที่อยู่ในฐานข้อมูล', 'ภาษากำหนดโครงสร้างข้อมูล DDL', 'ภาษากำหนดหน่วยจัดเก็บ SDL', 'ภาษาจัดการดำเนินข้อมูล DML', 'ภาษากำหนดภาพ VDL', 1),
(48, 8, 'การใช้งานโปรแกรม SQL Plus คือข้อใด', 'เป็นภาษาที่ใช้กำหนดเค้าร่างภายใน', 'ใช้กำหนดภาพข้อมูลสำหรับผู้ใช้', 'ใช้ในการดึง เพิ่ม ลบและเปลี่ยนแปลงข้อมูล', 'เป็นภาษาขั้นสูง หรือภาษากระบวนคำสั่ง', 'เป็นเครื่องมือที่มีมาพร้อมกับระบบฐานข้อมูล ถูกใช้เป็นตัวกลางในการให้ผู้ใช้ระบบฐานข้อมูล เพื่อนำไปยืน', 5),
(49, 8, 'เมื่อป้อนคำสั่ง SQL เข้าไปจะมีผลลัพธ์ที่เกิดขึ้นแสดงกลับมาบนหน้าจออย่างไร', 'ผู้อ่านสามารถลงรายละเอียดคำสั่งได้', 'สามารถเปลี่ยนแปลงข้อมูลในคำสั่ง SQL', 'สามารถสร้างฐานข้อมูล Oracle', 'ผู้อ่านสามารถเรียกหน้าจอของโปรแกรมนี้ขึ้นมาได้โดยให้ไปที่กลุ่มของโปรแกรม', 'สามารถกำหนดเครื่องมือทีมีมาพร้อมกับระบบฐานข้อมูล', 4),
(50, 8, 'ระบบฐานข้อมูล Oracle 11g หมายถึงอะไร', 'เป็นโปรแกรมที่สามารถใช้จัดการกับข้อมูลได้อย่างมีประสิทธิภาพ', 'ชุดคำสั่งที่เป็นระบบขั้นตอนสั่งงานให้คอมพิวเตอร์ทำงาน', 'กลุ่มคำสั่งที่ใช้อธิบายระบบฐานข้อมูลที่จะประมวลผลโดยคอมพิวเตอร์', 'กระบวนการใช้ภาษาคอมพิวเตอร์เพื่อกำหนดโครงสร้างระบบฐานข้อมูล', 'ภาษาที่ผู้ใช้งานติดต่อสื่อสารข้อมูล', 1),
(51, 8, 'การสร้าง Connection เลือกที่คำสั่งอะไร', 'Application Development	SQL Developer', 'Configuration and Migration Tools 	SQL Developer', 'Intergrated Management Tools 	SQL Developer', 'Oracle Installation Products 	SQL Developer', 'Warehouse Bilder 	SQL Developer', 1),
(52, 8, 'โปรแกรมย่อยของ SQL Developer มีชื่อว่าอะไร', 'SQL Plus', 'SQL Developer', 'SQL Worksheet', 'Connection', 'SQL Source', 3),
(53, 8, 'SQL Worksheet ทำหน้าที่อะไร', 'เป็นเครื่องมือที่มาพร้อมกับระบบฐานข้อมูล ถูกใช้เป็นตัวกลางเพื่อทำการยืนยันตัวตน', 'ส่งคำสั่ง SQL เข้าไปทำงานยังระบบฐานข้อมูล จากนั้นนำข้อมูลมาแสดงบนหน้าจอให้แก่ผู้อ่านด้วย', 'สามารถจัดการข้อมูลในฐานข้อมูลอย่างมีประสิทธิภาพ', 'เป็นส่วนประกอบของ SQL Developer', 'เป็นหน้าจอการทำงานของฐานข้อมูล', 2),
(54, 8, '”ส่วนที่อ่านสามารถเขียนคำสั่งภาษา SQL อาจจะเขียนทีละคำสั่งหรือหลายๆคำสั่งก็ได้” ข้อความดั', 'ส่วนของภาษา SQL', 'ส่วนของหน้าจอโปรแกรม', 'ส่วนเขียนคำสั่ง SQL ', 'ส่วนแสดงผลลัพธ์', 'ส่วนการสร้าง Connection', 3),
(55, 8, 'การจัดเก็บคำสั่ง SQL มีนามสกุลไฟล์อะไร', '.Script', '.FRM', '.MYD', '.MYI', '.frm', 1),
(56, 8, 'ถ้าไม่ต้องการใช้ระบบฐานข้อมูลตลอดเวลาควรทำอย่างไร', 'เปิดใช้งาน Manual', 'ปิดการใช้งาน Automatic', 'Shutdown Normal', 'Shutdown Transaction', 'Shutdown Immediate', 1),
(57, 9, 'ภาษา SQL (Structure Query Language) คือข้อใด', 'ภาษาคอมพิวเตอร์ที่ใช้สำหรับพัฒนาโปรแกรมทั่วไป ถูกพัฒนาเพื่อใช้เป็นภาษาระบบปฏิบัติการ', 'ภาษาโปรแกรมเชิงวัตถุถูกสร้างขึ้นภายในคลาส ', 'เป็นภาษาโปรแกรมแบบ GUI พัฒนามาจากภาษา Basic ใช้ในด้านธุรกิจ', 'ภาษาที่สร้างขึ้นเพื่ออำนวยความสะดวกในการเขียนโปรแกรม สามารถเข้าใจความหมายได้ทันที', 'ภาษาที่ใช้ในการเขียนโปรแกรมเพื่อจัดการกับฐานข้อมูลโดยเฉพาะ เป็นภาษามาตรฐานบนระบบฐานข้อมูล', 5),
(58, 9, 'กลุ่มคำสั่งของ SQL มีกี่คำสั่ง', '1 คำสั่ง', '2 คำสั่ง', '3 คำสั่ง', '4 คำสั่ง', '5 คำสั่ง', 5),
(59, 9, 'กลุ่มคำสั่งที่ใช้ในการเลือกดูข้อมูล สามารถเลือกดูข้อมูลในลักษณะง่ายๆไปจนถึงการเลือกดู??', 'Retrieval Comman', 'Data Manipulation Language ( DML)', 'Data Definition Language ( DDL)', 'Data Control Language ( DCL )', 'Transaction Command', 1),
(60, 9, 'คำสั่งที่ใช้ในการสร้าง เปลี่ยนแปลงหรือลบ Database Object คือคำสั่ง SQL ข้อใด', 'Retrieval Comman', 'Data Manipulation Language ( DML)', 'Data Definition Language ( DDL)', 'Data Control Language ( DCL )', 'Transaction Command', 3),
(61, 9, 'คำสั่ง SELECT คือคำสั่งลักษณะใด', 'เป็นคำสั่งที่ใช้จัดการกับข้อมูลต่างๆใน Lable', 'เป็นคำสั่งที่ใช้ในการถอนสิทธิ์สำหรับการทำงานในระบบฐานข้อมูล', 'เป็นคำสั่งที่ใช้การจัดการ Database Transaction ', 'เป็นคำสั่งที่ใช้งานง่ายไม่เกิดผลกระทบในการแก้ไข เพิ่มหรือลบข้อมูลที่จัดเก็บในฐานข้อมูล', 'เป็นคำสั่งสำหรับจัดการข้อมูล', 4),
(62, 9, 'การแสดงข้อความคงที่ (Literal) คืออะไร', 'ชนิดข้อความที่ให้ผลลัพธ์ที่ได้จากการตัดสินใจจากเงื่อนไข', 'ข้อความที่แสดงเพื่ออธิบายผลลัพธ์หรือตกแต่งผลลัพธ์', 'ข้อความที่แสดงผลตัวอักษรหรืออักขระ', 'ข้อความที่ใช้ในการรับค่าเพื่อนำข้อมูลไปประมวลผล', 'ข้อความที่กำหนดข้อมูลที่จะรับเข้ามาโดยใช้รหัสควบคุม', 2),
(63, 9, 'เงื่อนไขเปรียบเทียบมากกว่าน้อยกว่า เท่ากับหรือไม่เท่ากับ คือเงื่อนไขชนิดใด', 'เงื่อนไข BETWEEN Operator', 'เงื่อนไข IN Operator', 'เงื่อนไข LIKE Operator', 'เงื่อนไข IS NULL Operator', 'เงื่อนไขในการเปรียบเทียบ', 5),
(64, 9, 'เงื่อนไข BETWEEN Operator มีลักษณะอย่างไร', 'การเพิ่มคีย์เวิร์ด AND หรือ OR เพื่อรวมคีย์เวิร์ดเข้าด้วยกัน', 'ไม่มีการกำหนดค่าจะกำหนดเป็นค่าว่าง', 'ช่วยในการเปรียบเทียบค่าสำหรับเงื่อนไขที่เปรียบเทียบป็นช่วง', 'เงื่อนไขที่มีการเปรียบเทียบเท่ากันหรือเปรียบเทียบไม่เท่ากัน', 'เงื่อนไขที่เปรียบเทียบกับข้อมูลชนิดตัวอักษรหรือข้อมูลชนิดวันที่', 3),
(65, 9, 'การเรียงลำดับผลลัพธ์ ใช้คีย์เวิร์ดอะไรในคำสั่ง SELECT ', 'ASC', 'DESC', 'Column-name', 'ORDER BY', 'Misspelling Keyword', 4),
(66, 9, 'ASC คือคีย์เวิร์ดชนิดใด', 'คีย์เวิร์ดที่พิมพ์ตามด้วยชื่อคอลัมน์', 'เรียงลำดับถ้ามีมากกว่าหนึ่งคอลัมน์', 'Keyword ที่ไม่ระบุการเรียงลำดับ', 'Keyword ระบุวิธีเรียงลำดับมากไปน้อย', 'Keyword ระบุวิธีเรียงลำดับน้อยไปมาก', 5);

-- --------------------------------------------------------

--
-- Table structure for table `instructor`
--

CREATE TABLE `instructor` (
  `id` int(5) NOT NULL,
  `user` varchar(20) COLLATE utf8_unicode_ci NOT NULL,
  `pass` varchar(10) COLLATE utf8_unicode_ci NOT NULL,
  `name` varchar(100) COLLATE utf8_unicode_ci NOT NULL,
  `address` text COLLATE utf8_unicode_ci NOT NULL,
  `educate` varchar(100) COLLATE utf8_unicode_ci NOT NULL
) ENGINE=InnoDB DEFAULT CHARSET=utf8 COLLATE=utf8_unicode_ci;

--
-- Dumping data for table `instructor`
--

INSERT INTO `instructor` (`id`, `user`, `pass`, `name`, `address`, `educate`) VALUES
(99, 'admin', 'pass', 'name instructor', 'address', 'educate');

-- --------------------------------------------------------

--
-- Table structure for table `learn`
--

CREATE TABLE `learn` (
  `id` int(5) NOT NULL,
  `student_id` int(5) NOT NULL,
  `sub_topic_id` int(5) NOT NULL,
  `datetime` varchar(19) COLLATE utf8_unicode_ci NOT NULL
) ENGINE=InnoDB DEFAULT CHARSET=utf8 COLLATE=utf8_unicode_ci;

--
-- Dumping data for table `learn`
--

INSERT INTO `learn` (`id`, `student_id`, `sub_topic_id`, `datetime`) VALUES
(1, 1, 1, '14/07/2016 05:24:36'),
(2, 1, 2, '14/07/2016 05:24:38'),
(3, 1, 3, '14/07/2016 05:24:40'),
(4, 1, 4, '03/01/2017 10:44:19'),
(5, 1, 5, '14/07/2016 05:24:43'),
(6, 1, 6, '14/07/2016 05:24:47'),
(7, 1, 7, '14/07/2016 05:24:49'),
(8, 1, 8, '14/07/2016 05:24:51'),
(9, 1, 9, '14/07/2016 05:24:53'),
(10, 1, 10, '14/07/2016 05:33:18'),
(11, 1, 11, '14/07/2016 05:33:20'),
(12, 1, 12, '14/07/2016 05:33:21'),
(13, 1, 13, '14/07/2016 05:33:23'),
(14, 1, 14, '14/07/2016 05:33:25'),
(15, 1, 15, '14/07/2016 05:33:27'),
(16, 1, 16, '14/07/2016 05:35:36'),
(17, 1, 17, '14/07/2016 05:35:38'),
(18, 1, 18, '14/07/2016 05:35:40'),
(19, 1, 19, '14/07/2016 05:35:41'),
(20, 1, 20, '14/07/2016 05:35:44'),
(21, 1, 21, '14/07/2016 05:35:46'),
(22, 1, 22, '14/07/2016 05:35:48'),
(23, 1, 23, '14/07/2016 05:38:58'),
(24, 1, 24, '14/07/2016 05:39:00'),
(25, 1, 25, '14/07/2016 05:39:02'),
(26, 1, 26, '14/07/2016 05:39:04'),
(27, 1, 27, '14/07/2016 05:39:06'),
(28, 1, 28, '14/07/2016 05:39:08'),
(29, 1, 29, '14/07/2016 05:39:11'),
(30, 1, 30, '14/07/2016 05:40:41'),
(31, 1, 31, '14/07/2016 05:40:43'),
(32, 1, 32, '14/07/2016 05:40:44'),
(33, 1, 33, '14/07/2016 05:40:46'),
(34, 1, 34, '14/07/2016 05:41:03'),
(35, 1, 35, '14/07/2016 05:41:05'),
(36, 1, 36, '14/07/2016 05:41:06'),
(37, 1, 37, '14/07/2016 05:41:08'),
(38, 1, 38, '14/07/2016 05:41:10'),
(39, 6, 1, '03/01/2017 15:00:10'),
(40, 6, 2, '03/01/2017 15:00:25'),
(41, 6, 3, '03/01/2017 15:00:27'),
(42, 6, 4, '03/01/2017 15:00:29'),
(43, 6, 5, '03/01/2017 15:00:30'),
(44, 6, 6, '03/01/2017 15:00:36'),
(45, 6, 7, '03/01/2017 15:00:38'),
(46, 6, 8, '03/01/2017 15:00:41'),
(47, 6, 9, '03/01/2017 15:00:43'),
(48, 6, 10, '09/01/2017 20:12:35'),
(49, 6, 11, '09/01/2017 20:12:42'),
(50, 6, 12, '09/01/2017 20:12:48'),
(51, 6, 13, '09/01/2017 20:12:52'),
(52, 6, 14, '09/01/2017 20:12:56'),
(53, 6, 15, '09/01/2017 20:12:59'),
(54, 6, 16, '09/01/2017 20:14:10'),
(55, 6, 17, '09/01/2017 20:15:52'),
(56, 6, 18, '09/01/2017 20:15:56'),
(57, 6, 19, '09/01/2017 20:16:00'),
(58, 6, 20, '09/01/2017 20:16:04'),
(59, 6, 21, '09/01/2017 20:16:07'),
(60, 6, 22, '09/01/2017 20:16:10'),
(61, 6, 23, '09/01/2017 20:29:29'),
(62, 6, 24, '09/01/2017 20:29:34'),
(63, 6, 25, '09/01/2017 20:29:39'),
(64, 6, 26, '09/01/2017 20:29:44'),
(65, 6, 27, '09/01/2017 20:29:48'),
(66, 6, 28, '09/01/2017 20:29:52'),
(67, 6, 29, '09/01/2017 20:29:55'),
(68, 6, 30, '09/01/2017 20:41:30'),
(69, 6, 31, '09/01/2017 20:41:34'),
(70, 6, 32, '09/01/2017 20:41:37'),
(71, 6, 33, '09/01/2017 20:41:41'),
(72, 6, 34, '09/01/2017 20:54:02'),
(73, 6, 35, '09/01/2017 20:54:07'),
(74, 6, 36, '09/01/2017 20:54:10'),
(75, 6, 37, '09/01/2017 20:54:14'),
(76, 6, 38, '09/01/2017 20:54:18');

-- --------------------------------------------------------

--
-- Table structure for table `module`
--

CREATE TABLE `module` (
  `id` int(5) NOT NULL,
  `title` varchar(100) COLLATE utf8_unicode_ci NOT NULL,
  `objective` text COLLATE utf8_unicode_ci NOT NULL,
  `description` text COLLATE utf8_unicode_ci NOT NULL
) ENGINE=InnoDB DEFAULT CHARSET=utf8 COLLATE=utf8_unicode_ci;

--
-- Dumping data for table `module`
--

INSERT INTO `module` (`id`, `title`, `objective`, `description`) VALUES
(1, 'หัวข้อวิชาเรียน', '<p>&nbsp;</p>\r\n<h3>จุดประสงค์รายวิชา</h3>\r\n<table>\r\n<tbody>\r\n<tr>\r\n<td>\r\n<p>&nbsp;&nbsp;&nbsp;&nbsp;&nbsp;&nbsp;&nbsp;&nbsp;&nbsp;&nbsp;&nbsp;&nbsp;&nbsp;&nbsp;&nbsp;&nbsp; 2.1&nbsp; มีความเข้าใจหลักการใช้เทคโนโลยีสารสนเทศเพื่องานอาชีพ&nbsp; การใช้โปรแกรมสำหรับงาน</p>\r\n<p>&nbsp;&nbsp;&nbsp;&nbsp;&nbsp;&nbsp;&nbsp;&nbsp; สำนักงาน&nbsp; การใช้อินเตอร์เน็ตและไปรษณีย์อิเล็กทรอนิกส์</p>\r\n<p>&nbsp;2.2 มีความสามารถใช้คอมพิวเตอร์และระบบสารสนเทศเพื่องานอาชีพ&nbsp; ติดตั้งอุปกรณ์รอบข้างและ</p>\r\n<p>&nbsp;&nbsp;&nbsp;&nbsp;&nbsp;&nbsp;&nbsp; ระบบปฏิบัติการของคอมพิวเตอร์&nbsp; จัดทำเอกสาร&nbsp; ตารางทำการ&nbsp; และนำเสนอผลงาน&nbsp; สืบค้น</p>\r\n<p>&nbsp;&nbsp;&nbsp;&nbsp;&nbsp;&nbsp;&nbsp; ข้อมูล&nbsp; โดยใช้อินเตอร์เน็ต&nbsp; และรับส่งไปรษณีย์อิเล็กทรอนิกส์</p>\r\n<p>&nbsp;2.3&nbsp; &nbsp;มีจริยธรรมและความรับผิดชอบในการใช้คอมพิวเตอร์กับระบบสารสนเทศ&nbsp; มีกิจนิสัยในการ</p>\r\n<p>&nbsp; &nbsp;&nbsp;&nbsp;&nbsp;&nbsp;&nbsp; ทำงานอย่างเป็นระบบ&nbsp; ด้วยความอดทน&nbsp; ประณีตรอบคอบและปลอดภัย</p>\r\n</td>\r\n</tr>\r\n</tbody>\r\n</table>', '<p>ระดับของจุดประสงค์นั้นมีหลายระดับ เอาเป็นว่าแบ่งออกเป็น 3 ระดับดังนี้<br />1. จุดประสงค์การศึกษา หรือความมุ่งหมายของการศึกษาแห่งชาติ ซึ่งเป็นเป้าหมายใหญ่</p>\r\n<p>2. รองลงมาก็จะเป็นจุดประสงค์การจัดการศึกษาในแต่ละระดับ เช่น ประถม มัธยม และยังแบ่งย่อยลงไปอีกเป็นประถมตอนต้น-ปลาย<br />มัธยมตอนต้น-ปลาย</p>\r\n<p>3. จุดประสงค์ของกลุ่มวิชา หรือ หมวดวิชา เช่น ภาษาไทยระดับมัธยมศึกษาตอนปลายของหลักสูตรมัธยมศึกษาตอนปลาย พุทธศักราช 2524 ประกอบด้วยวิชาบังคับ ระดับชั้นละ 2 วิชา เป็นต้น</p>\r\n<p>&nbsp;</p>\r\n<hr />\r\n<p>&nbsp;</p>\r\n<p><strong>จุดประสงค์เชิงพฤติกรรม (Behavioral Objectives)</strong><br />ความหมายคือ จุดประสงค์การเรียนการสอนที่บอกให้ทราบว่าหลังจากเรียนจบบทนั้นๆ แล้วผู้เรียนสามารถแสดงพฤติกรรมที่วัดได้ สังเกต<br />ได้ ออกมาอย่างไรบ้าง ซึ่งแบ่งเป็น 3 ส่วน</p>\r\n<div class="shortcode-orderedlist decimal">\r\n<p>&nbsp;</p>\r\n<ol>\r\n<li><strong>พฤติกรรมที่คาดหวัง (Expected Behavior)</strong></li>\r\n<li><strong>สถานการณ์ หรือ เงื่อนไข(Condition)&nbsp;</strong></li>\r\n<li><strong>เกณฑ์ (Criteria)</strong></li>\r\n</ol>\r\n<p>&nbsp;</p>\r\n</div>\r\n<p>&nbsp;</p>\r\n<p><strong>1. พฤติกรรมที่คาดหวัง (Expected Behavior)</strong><br />คือ สิ่งที่อยากให้นักเรียนแสดงออก เพื่อแสดงให้เห็นว่าผู้เรียนเกิดการเรียนรู้ หลังจากเรียนจบบทเรียนนั้นแล้ว การเรียนพฤติกรรมที่คาด หวังต้องใช้คำกริยาเชิงพฤติกรรม มีความหมายเฉพาะอย่างเดียว ชัดเจน ไม่กำกวม สามารถสังเกตการกระทำได้โดยตรง ดังตัวอย่าง<br />- นักเรียนสามารถ<strong>คำนวณ</strong>โจทย์เลขที่เป็นเศษซ้อนได้ถูกต้อง<br />- นักเรียนสามารถ<strong>บอก</strong>ชื่อสินค้าที่สำคัญของไทยได้ถูกต้อง<br />- เมื่อกำหนดกลุ่มคำที่ควรศึกษามาให้ นักเรียนสามารถ<strong>อธิบาย</strong>ความหมายได้<br />- นักเรียนสามารถ<strong>ระบุ</strong>คุณลักษณะที่สำคัญของนักวิทยาศาสตร์ได้อย่างน้อย 4 คุณลักษณะ</p>\r\n<p>ในการเขียนจะไม่เขียนเฉพาะกริยาเชิงพฤติกรรมเพียงลำพังเท่านั้น เพราะจะมีความหมายไม่ชัดเจน ที่จะบอกได้ว่าผู้เรียนเกิดการเรียนรู้<br />ตามต้องการหรือยัง จำเป็นต้องเขียนข้อความแสดงเนื้อหาที่เกี่ยวข้องกับพฤติกรรมนั้นด้วย เช่น<br />ในการเรียนเรื่องเศษซ้อนกำหนดพฤติกรรมที่คาดหวังไว้ว่า</p>\r\n<div class="wpz-sc-box  tick   ">นักเรียนสามารถคำนวณโจทย์เลขที่เป็นเศษซ้อนได้ถูกต้อง</div>\r\n<p>ไม่ใช่</p>\r\n<div class="wpz-sc-box  alert   ">นักเรียนสามารถคำนวณได้</div>\r\n<p>&nbsp;</p>\r\n<p>&nbsp;</p>\r\n<p>ตัวอย่างพฤติกรรมที่คาดหวังที่สามารถวัดได้ สังเกตได้<br /><strong>บอก</strong> เช่น บอกชื่อ บอกความแตกต่าง บอกความเหมือน บอกขนาด บอกที่มา บอกแหล่งกำเนิด บอกขั้นตอน บอกโทษ บอกประโยชน์ บอกความสัมพันธ์ ฯลฯ</p>\r\n<p><strong>เขียน</strong> เช่น เขียนรายงาน เขียนรายการ เขียนสมการ เขียนวงจร เขียนภาพ เขียนกราฟ ฯลฯ</p>\r\n<p><strong>สร้าง</strong> เช่น สร้างโจทย์ สร้างแบบ สร้างประโยค สร้างเครื่องมือ ฯลฯ</p>\r\n<p><strong>แก้</strong> เช่น แก้ปัญหา แก้สมการ แก้ไขข้อความ ฯลฯ</p>\r\n<p>&nbsp;</p>\r\n<div class="wpz-sc-box  tick   ">คำกริยาอีกหลายคำที่นำมาเขียนได้ เช่น อธิบาย ยกตัวอย่าง จัดหมวดหมู่ เปรียบเทียบ จำแนก จัดลำดับ จับคู่ ให้นิยาม สาธิต บันทึก ฯลฯ</div>\r\n<div class="wpz-sc-box  alert   ">คำกริยาที่ไม่ใช่คำกริยาเชิงพฤติกรรม ซึ่งความหมายไม่ชัดเจน คลุมเคลือ ไม่ควรนำมาใช้ เช่น เข้าใจ รู้ ซาบซึ้ง เป็นต้น</div>\r\n<p>&nbsp;</p>\r\n<p>&nbsp;</p>\r\n<p><strong>2. สถานการณ์ หรือ เงื่อนไข(Condition)&nbsp;&nbsp;</strong>เพื่อให้จุดประสงค์ที่กำหนดมีความชัดเจนขึ้น ควรใส่สถานการณ์หรือเงื่อนไขลงไปด้วย ซึ่ง อาจเป็น บทประพันธ์ แบบฝึกหัด สื่อการสอน วัสดุอุปกรณ์ โจทย์ รายการ ดังตัวอย่าง</p>\r\n<p><strong>เมื่อกำหนดธาตุ 10 ธาตุ</strong> นักเรียนสามารถระบุได้ว่า ธาตุใดเป็นโลหะ ธาตุใดเป็นอโลหะ<br /><strong>เมื่อกำหนดโคลงให้ 1 โคลง</strong> นักเรียนสามารถสรุปความได้อย่างถูกต้อง<br /><strong>หลังจากสิ้นสุดการสาธิตการตอนกิ่งไม้แล้ว</strong> นักเรียนสามารถตอนกิ่งได้ด้วยตนเองได้<br />นักเรียนสามารถคำนวณโจทย์เลขเกี่ยวกับ ค.ร.น. ได้ถูกต้องด้วยตนเอง<strong>จากแบบฝึกหัดที่ครูเขียนไว้บนกระดาน</strong></p>\r\n<p>&nbsp;</p>\r\n<p>&nbsp;</p>\r\n<p><strong>3. เกณฑ์ (Criteria)&nbsp;</strong>&nbsp;ระดับพฤติกรรมที่กำหนด ต้องเกิดขึ้นมากน้อยแค่ไหนถึงจะยอมรับได้ อาจกำหนดได้หลายรูปแบบดังนี้</p>\r\n<p>นักเรียนสามารถเขียนชื่อคำศัพท์ของผลไม้ตามรูปได้ถูกต้อง<strong>อย่างน้อย 20 คำ</strong><br />(กำหนดเกณฑ์ในรูปปริมาณ)<br />นักเรียนสามารถตั้งกล้องจุลทรรน์ส่องดูอะมีบาได้<strong>ภายใน 2 นาที</strong><br />(กำหนดเกณฑ์ในรูปทักษะ หรือความชำนาญ)<br />นักเรียนสามารถบอกความแตกต่างและความคลึงระหว่างโลหะกับอโลหะ โดยบอก<strong>ความคล้ายคลึง 3 ข้อ ความแตกต่าง 3 ข้อ&nbsp;</strong>(กำหนดเกณฑ์ในรูปปริมาณ)<br />นักเรียนสามารถแก้สมการชั้นเดียวอย่างน้อย 5 สมการ <strong>ภายในเวลา 4 นาที</strong><br />(กำหนดเกณฑ์ทั้งในรูปของปริมาณและทักษะ)</p>\r\n<p>จะเห็นว่า ทั้งหมดนี้เราก็สามารถกำหนดจุดประสงค์ที่ชัดเจนได้แล้ว สามารถวัดได้ โดยมีเกณฑ์ในการวัดไว้ในจุดประสงค์อีกด้วย</p>\r\n<p><strong>ข้อมูลจาก หนังสือ พัฒนาการสอน ของ รศ.ดร.บุญชม ศรีสะอาด</strong></p>');

-- --------------------------------------------------------

--
-- Table structure for table `profile`
--

CREATE TABLE `profile` (
  `id` int(5) NOT NULL,
  `student_id` int(5) NOT NULL,
  `topic_id` int(5) NOT NULL,
  `pretest_score` int(2) NOT NULL,
  `pretest_correct` tinytext COLLATE utf8_unicode_ci NOT NULL,
  `posttest_score` int(2) NOT NULL,
  `posttest_correct` tinytext COLLATE utf8_unicode_ci NOT NULL
) ENGINE=InnoDB DEFAULT CHARSET=utf8 COLLATE=utf8_unicode_ci;

--
-- Dumping data for table `profile`
--

INSERT INTO `profile` (`id`, `student_id`, `topic_id`, `pretest_score`, `pretest_correct`, `posttest_score`, `posttest_correct`) VALUES
(1, 1, 1, 2, 'a:2:{i:8;s:1:"3";i:7;s:1:"2";}', 1, 'a:1:{i:7;s:1:"2";}'),
(2, 1, 2, 1, 'a:1:{i:36;s:1:"4";}', 2, 'a:2:{i:32;s:1:"5";i:36;s:1:"4";}'),
(3, 1, 3, 2, 'a:2:{i:40;s:1:"5";i:37;s:1:"5";}', 4, 'a:4:{i:39;s:1:"5";i:37;s:1:"5";i:43;s:1:"2";i:46;s:1:"4";}'),
(4, 1, 8, 1, 'a:1:{i:53;s:1:"2";}', 3, 'a:3:{i:48;s:1:"5";i:50;s:1:"1";i:53;s:1:"2";}'),
(5, 1, 9, 1, 'a:1:{i:62;s:1:"2";}', 4, 'a:4:{i:63;s:1:"5";i:57;s:1:"5";i:66;s:1:"5";i:58;s:1:"5";}'),
(6, 1, 10, 4, 'a:4:{i:14;s:1:"1";i:20;s:1:"5";i:21;s:1:"5";i:13;s:1:"5";}', 4, 'a:4:{i:14;s:1:"1";i:20;s:1:"5";i:21;s:1:"5";i:13;s:1:"5";}'),
(7, 6, 1, 1, 'a:1:{i:7;s:1:"2";}', 1, 'a:1:{i:7;s:1:"2";}'),
(8, 6, 2, 3, 'a:3:{i:36;s:1:"4";i:35;s:1:"5";i:34;s:1:"5";}', 4, 'a:4:{i:34;s:1:"5";i:32;s:1:"5";i:28;s:1:"4";i:36;s:1:"4";}'),
(9, 6, 3, 5, 'a:5:{i:46;s:1:"4";i:43;s:1:"2";i:45;s:1:"3";i:44;s:1:"3";i:39;s:1:"5";}', 5, 'a:5:{i:46;s:1:"4";i:39;s:1:"5";i:43;s:1:"2";i:37;s:1:"5";i:44;s:1:"3";}'),
(10, 6, 8, 6, 'a:6:{i:49;s:1:"4";i:54;s:1:"3";i:52;s:1:"3";i:51;s:1:"1";i:47;s:1:"1";i:53;s:1:"2";}', 6, 'a:6:{i:54;s:1:"3";i:56;s:1:"1";i:51;s:1:"1";i:47;s:1:"1";i:52;s:1:"3";i:53;s:1:"2";}'),
(11, 6, 9, 1, 'a:1:{i:62;s:1:"2";}', 8, 'a:8:{i:63;s:1:"5";i:64;s:1:"3";i:59;s:1:"1";i:65;s:1:"4";i:60;s:1:"3";i:62;s:1:"2";i:66;s:1:"5";i:57;s:1:"5";}'),
(12, 6, 10, 1, 'a:1:{i:18;s:1:"2";}', 5, 'a:5:{i:16;s:1:"1";i:12;s:1:"4";i:21;s:1:"5";i:14;s:1:"1";i:18;s:1:"2";}');

-- --------------------------------------------------------

--
-- Table structure for table `student`
--

CREATE TABLE `student` (
  `id` int(5) NOT NULL,
  `user` varchar(20) COLLATE utf8_unicode_ci NOT NULL,
  `pass` varchar(10) COLLATE utf8_unicode_ci NOT NULL,
  `name` varchar(100) COLLATE utf8_unicode_ci NOT NULL,
  `email` varchar(100) COLLATE utf8_unicode_ci NOT NULL,
  `phone` varchar(10) COLLATE utf8_unicode_ci NOT NULL,
  `address` text COLLATE utf8_unicode_ci NOT NULL,
  `score_exam` int(2) NOT NULL,
  `score_grade` int(1) NOT NULL
) ENGINE=InnoDB DEFAULT CHARSET=utf8 COLLATE=utf8_unicode_ci;

--
-- Dumping data for table `student`
--

INSERT INTO `student` (`id`, `user`, `pass`, `name`, `email`, `phone`, `address`, `score_exam`, `score_grade`) VALUES
(1, 'user1', '1234', 'user1', 'user1@email.com', '0000000000', '0000000000', 35, 2),
(2, 'user2', '1234', 'user2', 'student@email.com', '1234567890', '1234567890', 0, 0),
(3, 'user3', '1234', 'user3', 'use32@email.com', '1234567890', '1234567890', 0, 0),
(4, 'user4', '1234', 'user4', 'use11@email.com', '1234567890', '1234567890', 0, 0),
(5, 'user5', '1234', 'user5', 'usere2@email.com', '1234567890', '1234567890', 0, 0),
(6, 'user6', '1234', 'user6', 'user6@email.com', '1234567890', '1234567890', 31, 2);

-- --------------------------------------------------------

--
-- Table structure for table `sub_topic`
--

CREATE TABLE `sub_topic` (
  `id` int(5) NOT NULL,
  `topic_id` int(5) NOT NULL,
  `title` varchar(100) COLLATE utf8_unicode_ci NOT NULL,
  `description` text COLLATE utf8_unicode_ci NOT NULL,
  `file` varchar(20) COLLATE utf8_unicode_ci NOT NULL
) ENGINE=InnoDB DEFAULT CHARSET=utf8 COLLATE=utf8_unicode_ci;

--
-- Dumping data for table `sub_topic`
--

INSERT INTO `sub_topic` (`id`, `topic_id`, `title`, `description`, `file`) VALUES
(1, 1, 'ระบบแฟ้มข้อมูล', '<p>จุดประสงค์การเรียนรู้</p>', '20160708210902.pdf'),
(2, 1, 'ปัญหาของระบบแฟ้มข้อมูล', '<p>จุดประสงค์รายวิชา</p>', '20160708212222.pdf'),
(3, 1, 'ระบบฐานข้อมูล', '<p>ระบบฐานข้อมูล</p>', '20160708213235.pdf'),
(4, 1, 'องค์ประกอบของระบบฐานข้อมูล', '<p>องค์ประกอบของระบบฐานข้อมูล</p>', '20160708213315.pdf'),
(5, 1, 'ความเป็นอิสระของข้อมูล', '<p>ความเป็นอิสระของข้อมูล</p>', '20160708213329.pdf'),
(6, 1, 'DBMS', '<p>DBMS</p>', '20160708213340.pdf'),
(7, 1, 'หน้าที่ของ DBMS', '<p>หน้าที่ของ DBMS</p>', '20160708213355.pdf'),
(8, 1, 'Data dictionary', '<p>Data dictionary</p>', '20160708213409.pdf'),
(9, 1, 'ประโยชน์ของฐานข้อมูล', '<p>ประโยชน์ของฐานข้อมูล</p>', '20160708213423.pdf'),
(10, 2, 'Semantic Model', '<p>Semantic Model</p>', '20160708214737.pdf'),
(11, 2, 'คำศัพท์ที่ใช้ใน Semantic Model', '<p>คำศัพท์ที่ใช้ใน Semantic Model</p>', '20160708215127.pdf'),
(12, 2, ' Entity Relationship Model', '<p>Entity Relationship Model</p>', '20160708215214.pdf'),
(13, 2, 'Cardinality Constraints (ratio)', '<p>Cardinality Constraints (ratio)</p>', '20160708215252.pdf'),
(14, 2, 'ดีกรีของความสัมพันธ์ (degree of a relationship)', '<p>ดีกรีของความสัมพันธ์ (degree of a relationship)</p>', '20160708215314.pdf'),
(15, 2, 'คุณสมบัติและการค้นหา Entity', '<p>คุณสมบัติและการค้นหา Entity</p>', '20160708215341.pdf'),
(16, 3, 'การทำนอร์มัลไลเซชั่น (Normalization)', '<p>การทำนอร์มัลไลเซชั่น (Normalization)</p>', '20160708215451.pdf'),
(17, 3, 'Functional Dependency (FDs)', '<p>Functional Dependency (FDs)</p>', '20160708215512.pdf'),
(18, 3, 'ประเภท Functional Dependency', '<p>ประเภท Functional Dependency</p>', '20160708215531.pdf'),
(19, 3, 'Fully Functional Dependency', '<p>Fully Functional Dependency</p>', '20160708215553.pdf'),
(20, 3, 'Multi', '<p>Multi</p>', '20160708215612.pdf'),
(21, 3, 'Relation Key', '<p>Relation Key</p>', '20160708215639.pdf'),
(22, 3, 'ขั้นตอนการทำนอร์มัลไลเซชั่น', '<p>ขั้นตอนการทำนอร์มัลไลเซชั่น</p>', '20160708215654.pdf'),
(23, 8, 'ระบบฐานข้อมูล', '<p>ระบบฐานข้อมูล</p>', '20160708215730.pdf'),
(24, 8, 'รู้จักเวอร์ชั่นและรุ่นของระบบฐานข้อมูล Orale', '<p>รู้จักเวอร์ชั่นและรุ่นของระบบฐานข้อมูล Orale</p>', '20160708215750.pdf'),
(25, 8, 'การเลือกระบบปฎิบัติการที่ใช้กับงานระบบฐานข้อมูล Oracle', '<p>การเลือกระบบปฎิบัติการที่ใช้กับงานระบบฐานข้อมูล Oracle</p>', '20160708215806.pdf'),
(26, 8, 'ซอฟต์แวร์และเครื่องคอมพิวเตอร์ที่ต้องเตรียม', '<p>ซอฟต์แวร์และเครื่องคอมพิวเตอร์ที่ต้องเตรียม</p>', '20160708215828.pdf'),
(27, 8, 'เรื่องของ Network กับการติดตั้งระบบฐานข้อมูล Oracle', '<p>เรื่องของ Network กับการติดตั้งระบบฐานข้อมูล Oracle</p>', '20160708215846.pdf'),
(28, 8, 'เข้าสู่ขั้นตอนการติดตั้งระบบฐานข้อมูลOracle', '<p>เข้าสู่ขั้นตอนการติดตั้งระบบฐานข้อมูลOracle</p>', '20160708215902.pdf'),
(29, 8, 'รู้จักและจัดการกับชื่อผู้ใช้งานของระบบฐานข้อมูล', '<p>รู้จักและจัดการกับชื่อผู้ใช้งานของระบบฐานข้อมูล</p>', '20160708215922.pdf'),
(30, 9, 'รู้จักและการใช้งานโปรแกรม SQL Developer', '<p>รู้จักและการใช้งานโปรแกรม SQL Developer</p>', '20160708215959.pdf'),
(31, 9, 'การเริ่มใช้งานโปรแกรม SQL Developer', '<p>การเริ่มใช้งานโปรแกรม SQL Developer</p>', '20160708220013.pdf'),
(32, 9, 'รู้จักกับ SQL Worksheet', '<p>รู้จักกับ SQL Worksheet</p>', '20160708220031.pdf'),
(33, 9, 'ถ้าไม่ต้องการใช้ระบบฐานข้อมูลตลอดเวลาควรทำอย่างไร', '<p>ถ้าไม่ต้องการใช้ระบบฐานข้อมูลตลอดเวลาควรทำอย่างไร</p>', '20160708220045.pdf'),
(34, 10, 'แนะนำภาษาSQL', '<p>แนะนำภาษาSQL</p>', '20160708220114.pdf'),
(35, 10, 'กลุ่มคำสั่ง SQL', '<p>กลุ่มคำสั่ง SQL</p>', '20160708220129.pdf'),
(36, 10, 'การเลือกดูข้อมูลอย่างง่าย', '<p>การเลือกดูข้อมูลอย่างง่าย</p>', '20160708220148.pdf'),
(37, 10, 'การเลือกดูข้อมูลแบบกำหนดเงื่อนไข', '<p>การเลือกดูข้อมูลแบบกำหนดเงื่อนไข</p>', '20160708220203.pdf'),
(38, 10, 'การเรียงลำดับผลลัพธ์', '<p>การเรียงลำดับผลลัพธ์</p>', '20160708220223.pdf');

-- --------------------------------------------------------

--
-- Table structure for table `topic`
--

CREATE TABLE `topic` (
  `id` int(5) NOT NULL,
  `title` varchar(100) COLLATE utf8_unicode_ci NOT NULL,
  `description` text COLLATE utf8_unicode_ci NOT NULL
) ENGINE=InnoDB DEFAULT CHARSET=utf8 COLLATE=utf8_unicode_ci;

--
-- Dumping data for table `topic`
--

INSERT INTO `topic` (`id`, `title`, `description`) VALUES
(1, 'บทที่ 1 ระบบฐานข้อมูล', ''),
(2, 'บทที่ 2 แบบจำลองข้อมูล E-R Model', ''),
(3, 'บทที่ 3 การทำนอร์มัลไลซ์เซชัน', ''),
(8, 'บทที่ 4 การติดตั้งระบบฐานข้อมูล', ''),
(9, 'บทที่ 5 การใช้งานโปรแกรม SQL Developer', ''),
(10, 'บทที่ 6 การเรียกดูข้อมูลจากระบบฐานข้อมูล Oracle', '');

--
-- Indexes for dumped tables
--

--
-- Indexes for table `exam`
--
ALTER TABLE `exam`
  ADD PRIMARY KEY (`id`);

--
-- Indexes for table `instructor`
--
ALTER TABLE `instructor`
  ADD PRIMARY KEY (`id`);

--
-- Indexes for table `learn`
--
ALTER TABLE `learn`
  ADD PRIMARY KEY (`id`);

--
-- Indexes for table `module`
--
ALTER TABLE `module`
  ADD PRIMARY KEY (`id`);

--
-- Indexes for table `profile`
--
ALTER TABLE `profile`
  ADD PRIMARY KEY (`id`);

--
-- Indexes for table `student`
--
ALTER TABLE `student`
  ADD PRIMARY KEY (`id`);

--
-- Indexes for table `sub_topic`
--
ALTER TABLE `sub_topic`
  ADD PRIMARY KEY (`id`);

--
-- Indexes for table `topic`
--
ALTER TABLE `topic`
  ADD PRIMARY KEY (`id`);

--
-- AUTO_INCREMENT for dumped tables
--

--
-- AUTO_INCREMENT for table `exam`
--
ALTER TABLE `exam`
  MODIFY `id` int(5) NOT NULL AUTO_INCREMENT, AUTO_INCREMENT=67;
--
-- AUTO_INCREMENT for table `instructor`
--
ALTER TABLE `instructor`
  MODIFY `id` int(5) NOT NULL AUTO_INCREMENT, AUTO_INCREMENT=100;
--
-- AUTO_INCREMENT for table `learn`
--
ALTER TABLE `learn`
  MODIFY `id` int(5) NOT NULL AUTO_INCREMENT, AUTO_INCREMENT=77;
--
-- AUTO_INCREMENT for table `module`
--
ALTER TABLE `module`
  MODIFY `id` int(5) NOT NULL AUTO_INCREMENT, AUTO_INCREMENT=2;
--
-- AUTO_INCREMENT for table `profile`
--
ALTER TABLE `profile`
  MODIFY `id` int(5) NOT NULL AUTO_INCREMENT, AUTO_INCREMENT=13;
--
-- AUTO_INCREMENT for table `student`
--
ALTER TABLE `student`
  MODIFY `id` int(5) NOT NULL AUTO_INCREMENT, AUTO_INCREMENT=7;
--
-- AUTO_INCREMENT for table `sub_topic`
--
ALTER TABLE `sub_topic`
  MODIFY `id` int(5) NOT NULL AUTO_INCREMENT, AUTO_INCREMENT=39;
--
-- AUTO_INCREMENT for table `topic`
--
ALTER TABLE `topic`
  MODIFY `id` int(5) NOT NULL AUTO_INCREMENT, AUTO_INCREMENT=11;
/*!40101 SET CHARACTER_SET_CLIENT=@OLD_CHARACTER_SET_CLIENT */;
/*!40101 SET CHARACTER_SET_RESULTS=@OLD_CHARACTER_SET_RESULTS */;
/*!40101 SET COLLATION_CONNECTION=@OLD_COLLATION_CONNECTION */;
