-- phpMyAdmin SQL Dump
-- version 4.5.1
-- http://www.phpmyadmin.net
--
-- Host: 127.0.0.1
-- Generation Time: May 15, 2017 at 05:06 PM
-- Server version: 10.1.13-MariaDB
-- PHP Version: 5.6.23

SET SQL_MODE = "NO_AUTO_VALUE_ON_ZERO";
SET time_zone = "+00:00";


/*!40101 SET @OLD_CHARACTER_SET_CLIENT=@@CHARACTER_SET_CLIENT */;
/*!40101 SET @OLD_CHARACTER_SET_RESULTS=@@CHARACTER_SET_RESULTS */;
/*!40101 SET @OLD_COLLATION_CONNECTION=@@COLLATION_CONNECTION */;
/*!40101 SET NAMES utf8mb4 */;

--
-- Database: `db_fish`
--

-- --------------------------------------------------------

--
-- Table structure for table `compare`
--

CREATE TABLE `compare` (
  `id` int(5) UNSIGNED NOT NULL,
  `member_id` int(5) UNSIGNED NOT NULL,
  `pool_title` varchar(100) NOT NULL,
  `pool_shape` text NOT NULL,
  `pool_detail` text NOT NULL,
  `pool_believe` text NOT NULL,
  `fish_amount` int(5) NOT NULL,
  `views` int(5) NOT NULL,
  `date_create` varchar(10) NOT NULL,
  `date_modify` varchar(10) NOT NULL
) ENGINE=InnoDB DEFAULT CHARSET=utf8;

--
-- Dumping data for table `compare`
--

INSERT INTO `compare` (`id`, `member_id`, `pool_title`, `pool_shape`, `pool_detail`, `pool_believe`, `fish_amount`, `views`, `date_create`, `date_modify`) VALUES
(1, 1, 'test1', 'test', 'test', 'test', 3, 28, '13/04/2016', ''),
(2, 1, 'test2', 'ะำหะ', 'ะำหะ', 'ะหำะ', 3, 1, '13/04/2016', ''),
(3, 1, 'test3', '1', '1', '1', 1, 36, '13/04/2016', '');

-- --------------------------------------------------------

--
-- Table structure for table `compare_comment`
--

CREATE TABLE `compare_comment` (
  `id` int(5) UNSIGNED NOT NULL,
  `compare_id` int(5) UNSIGNED NOT NULL,
  `commented_by` int(5) UNSIGNED NOT NULL,
  `detail` text,
  `date_create` varchar(19) NOT NULL,
  `date_modify` varchar(19) NOT NULL
) ENGINE=InnoDB DEFAULT CHARSET=utf8;

--
-- Dumping data for table `compare_comment`
--

INSERT INTO `compare_comment` (`id`, `compare_id`, `commented_by`, `detail`, `date_create`, `date_modify`) VALUES
(1, 1, 1, 'test', '20/04/2016 14:17:25', ''),
(2, 4, 1, 'ttt', '20/04/2016 14:18:07', ''),
(3, 4, 1, 'tt', '20/04/2016 14:18:10', '');

-- --------------------------------------------------------

--
-- Table structure for table `compare_detail`
--

CREATE TABLE `compare_detail` (
  `id` int(5) UNSIGNED NOT NULL,
  `compare_id` int(5) NOT NULL,
  `fish_id` int(5) UNSIGNED NOT NULL,
  `amount` varchar(3) NOT NULL
) ENGINE=InnoDB DEFAULT CHARSET=utf8;

--
-- Dumping data for table `compare_detail`
--

INSERT INTO `compare_detail` (`id`, `compare_id`, `fish_id`, `amount`) VALUES
(1, 1, 1, '1'),
(2, 1, 2, '1'),
(3, 1, 3, '1'),
(4, 2, 1, '1'),
(5, 2, 2, '1'),
(6, 2, 3, '1'),
(7, 3, 1, '1'),
(8, 4, 2, '1'),
(9, 5, 1, '3'),
(10, 5, 2, '1');

-- --------------------------------------------------------

--
-- Table structure for table `container`
--

CREATE TABLE `container` (
  `id` int(5) UNSIGNED NOT NULL,
  `name` varchar(100) NOT NULL,
  `detail` text NOT NULL
) ENGINE=InnoDB DEFAULT CHARSET=utf8;

--
-- Dumping data for table `container`
--

INSERT INTO `container` (`id`, `name`, `detail`) VALUES
(1, 'ตู้กระจก', ''),
(2, 'ตู้กระจกพื้นทรายหรือบ่อทราย', ''),
(3, 'ตู้กระจกพื้นโคลนหรือบ่อโคลน', ''),
(4, 'บ่อคอนกรีต', ''),
(5, 'ตู้กระจก มีต้นไม้หรือภาชนะสำหรับหลบภัย', 'ปลาชอบซุ่มโจมตี');

-- --------------------------------------------------------

--
-- Table structure for table `feed`
--

CREATE TABLE `feed` (
  `id` int(5) UNSIGNED NOT NULL,
  `name` varchar(100) NOT NULL,
  `detail` text NOT NULL
) ENGINE=InnoDB DEFAULT CHARSET=utf8;

--
-- Dumping data for table `feed`
--

INSERT INTO `feed` (`id`, `name`, `detail`) VALUES
(1, 'กินพืช', 'กินพืชประเภท.... กินเป็นจำนวนมาก... เน้นกินเฉพาะ....และ...'),
(2, 'กินพืชและสัตว์น้ำที่มีขนาดเล็กกว่า', 'กินพืชเป็นส่วนใหญ่... แต่ถ้าพบเห็นสัตว์น้ำที่มีขนาดเล็กก็จะกินด้วยเช่นกัน'),
(3, 'กินสัตว์น้ำที่มีขนาดเล็กกว่า', 'กินอย่างเอร็ดอร่อย ตะกละมูมมาม กินเป็นจำนวนมาก และกินพวกเดียวกันเองด้วย'),
(4, 'กินสัตว์น้ำโดยไม่สนใจขนาด', 'กินสัตว์น้ำเป็นอาหาร โดยไม่สนใจขนาด และกินพวกเดียวกันเองด้วย');

-- --------------------------------------------------------

--
-- Table structure for table `fish`
--

CREATE TABLE `fish` (
  `id` int(5) UNSIGNED NOT NULL,
  `member_id` int(5) UNSIGNED NOT NULL,
  `fullname` varchar(150) NOT NULL,
  `fullsize` varchar(5) NOT NULL,
  `fullage` varchar(5) NOT NULL,
  `picture` varchar(36) NOT NULL,
  `detail` text NOT NULL,
  `believe` text NOT NULL,
  `nature_id` int(5) UNSIGNED NOT NULL,
  `feed_id` int(5) UNSIGNED NOT NULL,
  `living_id` int(5) UNSIGNED NOT NULL,
  `container_id` int(5) UNSIGNED NOT NULL,
  `date_create` varchar(10) NOT NULL,
  `date_modify` varchar(10) NOT NULL
) ENGINE=InnoDB DEFAULT CHARSET=utf8;

--
-- Dumping data for table `fish`
--

INSERT INTO `fish` (`id`, `member_id`, `fullname`, `fullsize`, `fullage`, `picture`, `detail`, `believe`, `nature_id`, `feed_id`, `living_id`, `container_id`, `date_create`, `date_modify`) VALUES
(1, 1, 'ปลาอามาทัส (Vampire fish)', '90', '14', 'ปลาอามาทัส_.jpg', 'ปลาอามาทัส (ชื่อวิทยาศาสตร์: Hydrolycus armatus) ปลาน้ำจืดชนิดหนึ่ง ในวงศ์ปลาฟันสุนัข (Cynodontidae) ในอันดับปลาคาราซิน\r\n\r\nรูปร่างคล้ายกับ ปลาสคอมบิรอยด์ (H. scomberoides) มาก ซึ่งเป็นปลาที่อยู่ในสกุลเดียวกันมาก ต่างกันที่ปลาอามาทัสมีครีบทุกครีบเล็กกว่า และมีสีแดง ครีบไขมันสีส้มเข้ม หัวมีขนาดใหญ่กว่าและหักลง ไม่ชี้ขึ้นเหมือนปลาสคอมบีรอยด์ และลำตัวเป็นสีเหลืองทองในปลาขนาดเล็ก แต่จะเปลี่ยนเป็นสีเงินวาวเมื่อปลามีขนาดใหญ่ขึ้น นอกจากนี้แล้ว จุดเด่นที่สำคัญคืออีกประการหนึ่งคือ เมื่อปลาโตเต็มที่ เขี้ยวคู่ล่างที่กรามล่างจะยาวแหลมออกมาจากปากอย่างเห็นได้ชัดนับว่าเป็นปลาที่มีฟันเขี้ยวใหญ่และแหลมคมที่สุดสำหรับปลาในวงศ์นี้\r\n\r\nขนาดเมื่อโตเต็มที่ประมาณ 60-70 เซนติเมตร ซึ่งก็นับได้อีกว่าเป็นปลาที่มีขนาดใหญ่ที่สุดในวงศ์นี้\r\n\r\nมีพฤติกรรมชอบอยู่รวมเป็นฝูงในระดับกลางน้ำในปลาวัยเล็ก หากินโดยล่าปลาและกุ้งต่าง ๆ เป็นอาหาร และถึงแม้ว่าจะเป็นปลาที่มีขนาดใหญ่กว่าก็ตาม ก็สามารถใช้ปากและเขี้ยวที่แหลมคมนี้จับและกลืนกินได้ รวมถึงมีพฤติกรรมกินพวกเดียวกันเองด้วย[1]\r\n\r\nพบกระจายพันธุ์ในแม่น้ำอเมซอนและสาขา, ลุ่มแม่น้ำโอริโนโค รวมถึงแม่น้ำกายอานา\r\n\r\nนิยมตกเป็นเกมกีฬา และนิยมเลี้ยงเป็นปลาสวยงามที่ต้องนำเข้าจากอเมริกาใต้ จัดเป็นปลาที่มีราคาสูงชนิดหนึ่ง ในประเทศไทยมีชื่อเรียกปลาอามาทัสในแวดวงปลาสวยงามว่า "อามาทัสหางดำ" ทั้งนี้เพื่อมิให้สับสนกับปลาทาทูเอีย (H. tatauaia) ซึ่งเป็นปลาในสกุลเดียวกันอีกชนิดหนึ่ง ที่มีความใกล้เคียงกันมาก ยิ่งโดยเฉพาะในปลาขนาดเล็ก ซึ่งปลาทาทูเอียจะถูกเรียกว่า "อามาทัสหางแดง" ทั้งนี้ เมื่อปลาทั้ง 2 ชนิดนี้เมื่อโตขึ้นจึงจะเห็นความแตกต่างได้ชัดเจน กล่าวคือ ปลาอามาทัสจะมีครีบหางเป็นสีดำ ขณะที่ปลาทาทูเอียจะเป็นสีแดง อีกทั้ง การนำเข้าปลาในวงศ์นี้ในระยะแรกเริ่มจะสับสนจะปะปนกันมา ปลาอามาทัสจะถูกปะปนเข้ามาพร้อมกับปลาสคอมบิรอยด์และปลาทาทูเอีย แม้แต่ในต่างประเทศก็พบกรณีเช่นนี้ แต่เมื่อเลี้ยงในที่เลี้ยงแล้ว พบว่า ปลาอามาทัสมีนิสัยไม่ขี้ตกใจเหมือนปลาในวงศ์เดียวกันนี้ชนิดอื่น ๆ มีนิสัยที่ดุกว่า และเติบโตได้เร็วกว่า และมีราคาที่แพงกว่า[2]', '-', 3, 3, 4, 3, '', '20/04/2016'),
(2, 1, 'ปลาอะโรวาน่า(ปลาตะพัด)', '90', '10', 'ปลาอะโรวาน่า_.jpg', 'ปลาตะพัด หรือที่นิยมเรียกว่า ปลาอะโรวาน่า (อังกฤษ: Malayan bonytongue fish, Arowana, Asian arowana, Arawana; ชื่อวิทยาศาสตร์: Scleropages formosus) เป็นปลาน้ำจืดชนิดหนึ่ง ในวงศ์ปลาตะพัด (Osteoglossidae) ซึ่งถือได้ว่าเป็นปลาที่สืบเผ่าพันธุ์มาตั้งแต่ปลาในยุคก่อนประวัติศาสตร์ จัดได้ว่าเป็นซากดึกดำบรรพ์มีชีวิตชนิดหนึ่ง นับว่าเป็นปลาที่ใกล้สูญพันธุ์ในธรรมชาติ เนื่องจากเป็นปลาที่สืบพันธุ์ยาก ประกอบกับแหล่งที่อยู่ถูกทำลายไปได้รับความนิยมอย่างสูงของนักเลี้ยงปลาสวยงาม ในฐานะของปลาสวยงาม ราคาแพง และถือเป็นสัตว์ป่าคุ้มครองตามพระราชบัญญัติสงวนและคุ้มครองสัตว์ป่า พุทธศักราช 2535\r\n\r\nลำตัวยาว ด้านข้างแบน เกล็ดมีขนาดใหญ่สีเงินอมเขียวหรือฟ้าเรียงเป็นระเบียบอย่างสวยงาม เกล็ดบริเวณเส้นข้างลำตัวมีประมาณ 24 ชิ้น ตาโต ปากใหญ่เฉียงขึ้นด้านบน ฟันแหลม ครีบหลังและครีบก้นยาวไปใกล้บริเวณครีบหาง สันท้องคม มีหนวด 1 คู่อยู่ใต้คาง ปลาตะพัดขนาดโตเต็มที่ได้ยาวได้ราว 90 เซนติเมตร น้ำหนักหนักได้ถึง 7 กิโลกรัม พฤติกรรมมักจะว่ายบริเวณริมผิวน้ำ อาหารของปลาตะพัด ได้แก่ สัตว์น้ำขนาดเล็ก ตลอดจนแมลง สัตว์เลื้อยคลานและสัตว์ครึ่งบกครึ่งน้ำขนาดเล็ก ปลาโตเต็มวัยสามารถโดดงับอาหารได้สูงถึง 1 เมตร\r\n\r\nอาศัยอยู่ในแม่น้ำที่มีสภาพใสสะอาด มีนิสัยค่อนข้างดุ ก้าวร้าว ขี้ตกใจ มักอาศัยอยู่ลำพังตัวเดียวหรือเป็นคู่ ถ้าอยู่เป็นฝูง ก็จะอยู่เป็นฝูงเล็ก ๆ ไม่เกิน 3-5 ตัว พบได้ในหลายประเทศในภูมิภาคเอเชียตะวันออกเฉียงใต้ เช่น ไทย, มาเลเซีย, อินโดนีเซีย, กัมพูชา และปลาในแต่ละแหล่งน้ำจะมีสีสันแตกต่างหลากหลายกันออกไป เชื่อว่าเกิดเนื่องจากลักษณะทางพันธุกรรมและสภาพแวดล้อมที่อยู่ เช่น สีทอง, สีแดง, สีเงิน, สีทองอ่อน เป็นต้น\r\n\r\nสำหรับชื่อ "ตะพัด" เป็นชื่อที่เรียกกันในภาคตะวันออก แถบจังหวัดจันทบุรีและตราด ในภาคใต้จังหวัดสุราษฎร์ธานีจะเรียกปลาชนิดนี้ว่า "หางเข้" ถูกค้นพบเป็นทางการครั้งแรกในประเทศไทยเมื่อปี ค.ศ. 1931 ตามรายงานของสมิธที่ลำน้ำเขาสมิง จังหวัดตราด โดยระบุว่าในขณะนั้น ปลาตะพัดเป็นปลาที่พบได้ทั่วไปในแม่น้ำลำคลองในภาคตะวันออก ไข่มีลักษณะสีส้มลูกกลมใหญ่ ฟักไข่ในปาก เนื้อมีรสชาติอร่อย นิยมใช้ทำเป็นอาหาร\r\n\r\nในปัจจุบัน สำหรับประเทศไทย เชื่อว่าเหลือเพียงบริเวณเขตรักษาพันธุ์สัตว์ป่าคลองแสงและเขตรักษาพันธุ์สัตว์ป่าคลองยัน ซึ่งเป็นต้นแม่น้ำตาปี และบริเวณแม่น้ำ ที่อำเภอละงู จังหวัดสตูลเท่านั้น ส่วนทางภาคตะวันออกที่เคยชุกชุมในอดีต ไม่มีรายงานการพบอีกเลย อีกที่หนึ่งที่ได้เคยได้ชื่อว่ามีปลาตะพัดชุกชุมคือ บึงน้ำใส อำเภอรามัน จังหวัดยะลา ในอดีตเป็นแหล่งจับปลาตะพัดที่มีชื่อเสียงมาก จนมีชื่อปรากฏในคำขวัญประจำอำเภอ โดยชาวบ้านจะเรียกปลาชนิดนี้ว่า "กรือซอ" แต่จากการจับอย่างมากในอดีต ทำให้ในปัจจุบัน ปริมาณปลาตะพัดลดน้อยลงจนแทบจะสูญพันธุ์\r\n\r\n', 'ปลาตะพัด หรือ ปลาอะโรวาน่า นับว่าเป็นสุดยอดปลาสวยงามที่ได้รับความนิยมอย่างสูงสุดมา โดยตลอดซึ่งอาจจะเป็นเพราะปลาชนิดนี้เป็นปลาที่มีรูปร่างสวยงาม มีเกล็ดขนาดใหญ่ และมีสีสันแวววาวมีหนวดซึ่งมีลักษณะคล้าย "มังกร" นอกจากนี้ยังมีเรื่องความเชื่อต่าง ๆ เข้ามาเกี่ยวข้องกับปลาอะโรวาน่า โดยชาวจีนเชื่อว่าผู้ใดเลี้ยงปลาชนิดนี้แล้วจะร่ำรวยมีโชคลาภ จึงทำให้ปลาชนิดนี้ได้รับความนิยมอย่างสูงสุด', 2, 3, 3, 4, '', '20/04/2016'),
(3, 1, 'ปลาแรด', '50', '10', 'ปลาแรด_.png', 'ปลาแรด (อังกฤษ: Giant gourami; ชื่อวิทยาศาสตร์: Osphronemus goramy) เป็นปลาน้ำจืดขนาดใหญ่ชนิดหนึ่งในวงศ์ Osphroneminae ซึ่งอยู่ในวงศ์ใหญ่ Osphronemidae นับเป็นปลาแรดชนิดที่เป็นที่รู้จักมากที่สุด\r\n\r\nลำตัวป้อมและแบนข้าง เกล็ดสากมือเป็นรูปหยัก มีก้านครีบท้องคู่แรกเป็นเส้นเรียวยาวคล้ายหนวด ใช้สำหรับสัมผัส ปลายหางมนกลม ปากแหลม ริมฝีปากหนา ภายในปากมีฟันซี่เล็ก ๆ แหลมคมเรียงอยู่ภายใน ส่วนหัวเล็กและป้าน เมื่อโตขึ้นมาโดยเฉพาะในปลาตัวผู้จะมีโหนกนูนขึ้นมาเรื่อย ๆ จนดูคล้ายนอแรด อันเป็นที่มาของชื่อสามัญในภาษาไทย โคนหางมีจุดสีดำคล้ำอยู่ทั้ง 2 ข้าง เมื่อโตขึ้นจุดดังกล่าวจะหายไป รวมทั้งอวัยวะส่วนอื่น ๆ เช่น ริมฝีปาก หรือขากรรไกรที่ใหญ่กว่าตัวเมีย ขณะที่ปลาตัวเมียจะมีจุดสีดำที่บริเวณโคนครีบอกทั้ง 2 ข้าง ส่วนตัวผู้ไม่มี\r\n\r\nเป็นปลาที่กินได้ทั้งพืชและสัตว์น้ำ แต่นิยมกินพืชมากกว่า มีการกระจายพันธุ์ทั่วไปในภูมิภาคเอเชียตะวันออกเฉียงใต้ ทั้งในส่วนที่เป็นแผ่นดินใหญ่ และที่เป็นหมู่เกาะ ในประเทศไทยพบได้ในพื้นที่ภาคกลางและบางส่วนของภาคใต้ มีขนาดโตเต็มที่ได้ถึง 90 เซนติเมตร จึงนับว่าเป็นปลาชนิดที่ใหญ่ที่สุดในวงศ์ Osphronemidae แต่ว่าขนาดโดยเฉลี่ยทั่วไปจะมีขนาดประมาณ 30-40 เซนติเมตร\r\n\r\nเป็นปลาน้ำจืดเศรษฐกิจที่สำคัญอีกชนิดหนึ่งของไทย โดยนิยมเพาะเลี้ยงกันในหลายพื้นที่ เช่น นิยมเลี้ยงกันที่แม่น้ำสะแกกรัง ในจังหวัดอุทัยธานี ที่มีเลี้ยงกันในกระชังในแม่น้ำจนเป็นที่รู้จักกันเป็นอย่างดี\r\n\r\nนอกจากนี้แล้ว ยังนิยมเลี้ยงกันเป็นปลาสวยงามอีกด้วย โดยในปลาธรรมดาจะเรียกกันว่า "แรดดำ" และในปลาที่มีผิวเผือกจะเรียกว่า "แรดเผือก" หรือ "แรดเผือกตาแดง" นอกจากนี้แล้วยังมีปลาที่สีแตกต่างออกไปด้วย จากการเพาะขยายพันธุ์โดยมนุษย์\r\n\r\nดร.ฮิวจ์ แมคคอร์มิค สมิธ นักมีนวิทยาชาวอเมริกัน ผู้ดำรงตำแหน่งเจ้ากรมรักษาสัตว์น้ำ (กรมประมงในปัจจุบัน) ได้บันทึกไว้ในหนังสือชื่อ "The Fresh-Water Fishes of Siam, or Thailand" ที่ตีพิมพ์โดยสถาบันสมิธโซเนียน ในปี ค.ศ. 1945 ซึ่งนับว่าเป็นหนังสือเกี่ยวกับปลาน้ำจืดเล่มแรกของไทย โดยในหน้าที่ 451 ได้กล่าวถึงปลาแรดไว้ว่า ต้นกำเนิดของปลาแรกอยู่ที่ชวา โดยอ้างถึงการค้นพบปลาชนิดนี้ โดย แบร์นาร์ แฌร์แม็ง เดอ ลาเซแปด นักธรรมชาติวิทยาชาวฝรั่งเศส ที่บันทึกไว้ในปี ค.ศ. 1802 ว่า มีการค้นพบปลาชนิดนี้ได้ทั่วไปทั้งในจีน, อินเดีย และในหลาย ๆ ประเทศทั่วโลก ซึ่งประเทศในแถบเอเชียตะวันออก มีประวัติการค้าขายทางเรือมาอย่างยาวนาน จึงเป็นการยากที่คาดได้ว่าปลาแรดที่ถูกพบในพื้นที่อื่น ๆ นอกเหนือจากชวา, บอร์เนียว และสุมาตรานั้น จะเป็นปลาท้องถิ่นจริง ๆ หรือเป็นปลาที่ถูกนำเข้ามาจากชวา โดยเรือสินค้าตั้งแต่อดีตกาล เนื่องจากปลาแรดเป็นปลาที่สามารถฮุบอากาศได้โดยตรงได้ และทนทาน จึงสามารถเลี้ยงไว้ในถังหรือภาชนะต่าง ๆ บนเรือได้อย่างนาน ๆ จึงมีความเป็นไปได้ว่า ปลาแรดที่พบกระจายพันธุ์อยู่ในประเทศไทยอาจจะมาจากประเทศเหล่านี้ โดยเรือสินค้าตั้งแต่โบราณก็เป็นได้\r\n\r\nนอกจากนี้แล้ว ดร.สมิธ ยังได้ให้ข้อมูลถึงแหล่งที่พบปลาแรดไว้ว่า พบได้ที่แม่น้ำเจ้าพระยา และแม่น้ำตาปี โดยเฉพาะในแม่น้ำตาปีนั้นจะพบได้มากที่สุดที่บึงขุนทะเล ซึ่งเป็นแหล่งน้ำจืดลักษณะคล้ายทะเลสาบที่มีคลองสาขาเชื่อมต่อกับแม่น้ำตาปี อยู่ไม่ไกลไปจากตัวเมืองบ้านดอนเท่าไรนัก ดร.สมิธจึงทำการวิเคราะห์อย่างง่าย ๆ ผนวกกับข้อมูลทางประวัติศาสตร์ในอดีต ที่บริเวณนั้นถือเป็นเมืองท่าที่สำคัญตั้งแต่โบราณ ที่ใช้ทำการค้ากับต่างชาติโดยทางเรือ ยิ่งสนับสนุนแนวความคิดที่ว่า ปลาแรดน่าจะเป็นปลาต่างถิ่นที่เข้ามาอาศัยอยู่ในประเทศไทยมาตั้งแต่โบราณ และน่าจะมีความเป็นไปได้สูงว่า ปลาแรดคือ ชนิดพันธุ์ต่างถิ่นชนิดแรกที่เข้ามายังประเทศไทยเสียด้วยซ้ำ', '-', 3, 1, 1, 2, '', '20/04/2016'),
(4, 1, 'ปลาไหลมอเร่ย์ เสือดาว ', '70', '9', 'jijjij_.jpg', '   มีรูปร่างเรียวยาวเหมือนปลาไหลทั่วไป ไม่มีครีบอก ครีบหลังเชื่อมต่อกับครีบก้นและครีบหาง โดยมีจุดเด่นร่วมกันคือ มีส่วนปากที่แหลม\r\n   ปลาไหลมอเรย์เป็นปลาที่กินเนื้อเป็นอาหาร ออกหากินในเวลากลางคืน โดยการล่าเหยื่อด้วยการใช้ประสาทสัมผัสทางกลิ่น', 'เป็นปลาที่ดูกลึกลับ เเต่อันตราย มีฟันที่เเหลมคม น่าเกรงขาม', 3, 3, 4, 2, '', '20/04/2016'),
(7, 1, 'วูล์ฟฟิช หมาบ้าแห่งอเมซอน', '110', '12', 'sdasd_.jpg', '      อาจจะเป็นปลาน้ำจืดที่มีความดุร้ายที่สุดในโลกชนิดหนึ่ง น้ำหนักเฉลี่ยประมาณ 40 กิโลกรัม ลักษณะเด่นที่สำคัญของไอมาร่า คือ มีส่วนหัวที่เรียวแหลม ส่วนหลังบริเวณครีบหลังยกสูง มองภาพโดยรวมของลำตัวมีลักษณะเป็นสามเหลี่ยมฐานกว้าง มากกว่าเป็นรูปทรงกระบอก ลวดลายบนลำตัว มีลักษณะเป็นแถบขนาดใหญ่สีเข้ม\r\n      วูล์ฟฟิช เป็นปลาที่อาศัยอยู่ในแหล่งน้ำไหลเชี่ยวขนาดใหญ่ ขึ้นไปจนถึงหุบเขา แน่นอนครับว่าย่อมเป็นน้ำใสสะอาด และมีออกซิเจนละลายอยู่ในปริมาณสูงมากแน่นอน นอกจากนั้นยังพบทั่วไปในน้ำไหลเอื่อยๆ น้ำนิ่งๆขุ่นๆ แบลควอเตอร์\r\n      วูล์ฟฟิช เป็นปลาที่แข็งแรง พละกำลังมาก อดทน จึงจัดเป็นปลาที่เหมาะสำหรับมือใหม่หรือผู้หัดเลี้ยงซึ่งผ่านการศึกษาเบสิกมาบ้างแล้วอย่างไม่ยากเย็นนัก ด้วยนิสัยที่ชอบอยู่นิ่งๆ หรือซุ่มรออาหาร ไม่รวมฝูง บอกให้เราทราบว่า มันเป็นปลาที่หวงถิ่น และไม่ชอบให้ใครเข้ามาใกล้ๆแม้แต่พวกเดียวกันก็ตาม นิสัยอีกอย่างที่ดูจากภายนอกแล้วคาดไม่ถึง ก็คือ มันเป็นปลาที่กระโดดเก่งมากๆครับ ', 'เป็นปลาที่ดุร้าย เเสดงถึงความไม่กลัวอะไรทั้งสิ้น', 4, 3, 1, 1, '', '20/04/2016'),
(11, 1, 'ปลาไทเกอร์โกไลแอต (ลุ่มน้ำอเมซอน)', '120', '15', 'jjkjk_.jpg', 'อาศัยหากินอยู่บริเวณกลางน้ำและผิวน้ำ และชอบอยู่รวมกันเป็นฝูง แต่เมื่อล่าเหยื่อจะออกล่าเพียงลำพัง โดยมักจะจู่โจมเหยื่อที่มีแสงสะท้อนระยิบระยับหรือมีเสียงหรือมีแรงกระเพื่อมของน้ำ โดยปลาแอฟริกันไทเกอร์ชนิดนี้เคยมีรายงานว่าทำร้ายมนุษย์จนถึงแก่ความตายมาแล้วด้วย', 'เป็นปลามีฟันแหลมคมขนาดใหญ่เรียงอยู่ทั้งหมด 36 ซี่ เท่ากับปลาฉลามขาว เเข็งเเรง รวดเร็ว ', 2, 4, 4, 1, '', '20/04/2016'),
(13, 1, 'ปลาชะโด (Giant snakehead)', '120', '10', 'dsd_.jpg', '         นอกจากจะเป็นปลาที่ใหญ่ที่สุดในวงศ์นี้แล้ว ยังมีอัตราการเจริญเติบโตเร็วที่สุดในวงศ์ปลาช่อน และยังมีอุปนิสัยดุร้ายมากที่สุดด้วย โดยเฉพาะอย่างยิ่งในฤดูผสมพันธุ์ปลาตัวผู้ซึ่งเป็นผู้ดูแลไข่และลูกอ่อน จะกัดและทำร้ายสัตว์ทุกชนิดที่ผ่านเข้ามาใกล้รัง ไม่เว้นแม้กระทั่งมนุษย์ จึงมักมีผู้ถูกปลาชะโดกัดทำร้ายบ่อย ๆ ในช่วงนี้ ฤดูผสมพันธุ์ของปลาชะโดจะมีขึ้นในเดือนกรกฎาคม-กันยายน\r\n          เป็นปลาที่พบได้ทุกภาคของประเทศ และพบในประเทศใกล้เคียงเช่น มาเลเซีย, อินโดนีเชีย ตอนใต้ของจีน และประเทศอื่น ๆ ในภูมิภาคเอเชียตะวันออกเฉียงใต้ ด้วย', 'เป็นปลาที่อดทน สามารถอยู่ในเเหล่งน้ำที่มีอ๊อกซิเจนน้อยได้ นับเป็นสุดยอดปลาพันธ์อึด', 4, 4, 2, 3, '', '20/04/2016'),
(15, 1, 'ปลาเรดเทลแคทฟิช ( Redtail catfish)', '130', '9', 'dwdas_15.jpg', '         ปลาเรดเทลแคทฟิช เป็นปลาที่หากินตามท้องน้ำ โดยกินอาหารได้แก่ ปลาขนาดเล็กกว่าและสามารถกินได้ถึงขนาดที่เท่าตัวหรือใหญ่กว่าได้ ด้วยการกลืนเข้าไปทั้งตัวโดยไม่เคี้ยว เป็นปลาที่ตะกละ กินจุ กินไม่เลือก และเจริญเติบโตได้เร็วมาก โดยเฉพาะลูกปลา\r\n         พบกระจายพันธุ์ในลุ่มแม่น้ำอเมซอน, โอริโนโค และเอสเซคิวโบ ', '-', 2, 3, 1, 3, '', '20/04/2016'),
(17, 1, 'ปลาเสือตอ(SIAM TIGER FISH )', '80', '11', 'ewewa_.jpg', '        ลักษณะที่เป็นความสวยงามเฉพาะตัวของปลาเสือตอคือ รูปทรงที่แบนกว้าง มีพื้นสีเหลืองสดใส มีลายดำพาดขวางลำตัวอย่างได้ส่วน เวลาเคลื่อนไหวครีบบนครีบล่างส่วนท้ายอ่อนพลิ้ว ครีบท้องหรือครีบตะเกียบมีสีเหลืองตัดสีดำเหยียดตรง มีชายพู่ตะเกียบ 3-4 เส้น ดูสง่างามโดยเฉพาะเวลาตามเหยื่อ หนามแข็งส่วนหน้าของครีบจะชี้ตัวขึ้น ครีบหนามล่างจะเหยียดลงทำให้ดูสวยงาม ปกติชอบอาศัยอยู่ตามแหล่งน้ำที่มีตอไม้จึงจะได้ชื่อว่า "ปลาเสือตอ"\r\n         ในแหล่งน้ำธรรมชาติ ปลาเสือตอจะอาศัยอยู่บริเวณน้ำลึกในฤดูร้อนเพื่อวางไข่และย้ายตำแหน่งในฤดูน้ำหลาก ปลาเสือตอขนาดเล็กในแหล่งน้ำธรรมชาติกินอาหารประเภทสัตว์น้ำขนาดเล็กแทบทุกชนิด ส่วนปลาเสือตอขนาดใหญ่ชอบกินกุ้งฝอยและลูกปลา ', 'เป็นปลาที่สวยงาม  มีสีเหลืองกล้วย เเละมีลายเป็นเส้นๆฟาดระหว่างตัวเหมือนเสือ  ด้านความเชื่อ นิยมเลี้ยงกับปลามังกรเเละปลาอินซีเนต', 2, 3, 1, 1, '', '20/04/2016'),
(18, 1, 'ปลาอินซีเน็ตหางแดง', '30', '7', 'dd_.jpg', '          มีรูปร่างทั่วไปคล้ายปลาในวงศ์ปลาตะเพียน (Cyprinidae) มาก ดวงตากลมโต ริมฝีปากหนาและใหญ่ และปากขยับไปมาตลอดเวลา เกล็ดมีขนาดเล็กมีสีเงินแวววาว เมื่อยังเล็กจะมีลายแถบและจุดสีดำกระจายอยู่บริเวณลำตัวค่อนไปทางโคนหาง มีเกล็ดบริเวณเส้นข้างลำตัวประมาณ 48 เกล็ด โคนหางคอดเล็ก ครีบท้องมีสีแดงสด ครีบหลังมีขนาดใหญ่และตั้งชี้ขึ้น ซึ่งครีบเหล่านี้เมื่อปลาโตขึ้นจะยิ่งชี้แหลมและสีสดยิ่งขึ้น ในบางตัวปลายครีบหลังอาจแหลมยาวคล้ายปลายผืนธง ครีบหางเป็น 2 แฉก มีขนาดใหญ่ ครีบหางและครีบก้นมีลายแถบสีดำเป็นทางตรงบนพื้นสีแดง\r\n         เป็นปลาที่ชอบอยู่รวมกันเป็นฝูงใหญ่ กินอาหารได้ทั้งพืชและสัตว์ พบกระจายพันธุ์ในลุ่มแม่น้ำอเมซอน ในทวีปอเมริกาใต้ โดยใช้ปากที่ขยับไปมาตลอดนั้นตอดอาหารจำพวกอินทรีย์วัตถุหากินตามพื้นน้ำหรือตะไคร่น้ำที่เกาะตามแก่งหินต่าง ๆ\r\n', 'เป็นปลาที่มีลักษณะสวยงาม ในทางคสามเชื่อ ต้องเลี้ยงรวมกัน3สายพันธ์ คือปลาอโรวาน่า ปลาเสือตอ เเละปลาอินซีเนต  เปรียบเสมือนมี3สัตว์ในตำนานความเชื่อ คือ มังกร เสือ หงส์', 1, 1, 4, 2, '', '20/04/2016'),
(19, 1, 'ปลาหมูอินโด( Clown loach)', '30', '7', 'fdfdsf_.jpg', '       ปลาหมูอินโดเนเซีย  มีลำตัวลักษณะกลมยาวรี แบนข้างเล็กน้อย ปกคลุมด้วยเกล็ดขนาดเล็กละเอียด มีปากขนาดเล็กแหลม มีหนวดสั้น ๆ ที่ริมฝีปาก 2 คู่ มีตาขนาดเล็ก ใต้ตาจะมีหนามแหลมสั้นทั้งสองข้าง สามารถกางออกมาป้องกันตัวได้ ลำตัวมีสีเหลืองอมส้ม มีแถบสีดำขนาดใหญ่ขอบสีขาวพาดขวางลำตัว 3 แถบ คือ พาดผ่านลูกตา 1 แถบ พาดลำตัวช่วงต้นคอรอบอก 1 แถบ ใกล้โคนหาง โดยพาดจากครีบหลังถึงครีบทวาร 1 แถบ ครีบว่ายและครีบหางมีสีแดง ครีบนอกนั้นมีสีดำ จัดเป็นปลาที่มีขนาดใหญ่ในวงศ์นี้ชนิดหนึ่ง คือ สามารถโตเต็มที่ได้ราว 1 ฟุต มีถิ่นกำเนิดที่เกาะบอร์เนียวและสุมาตรา ในอินโดนีเซีย\r\n       นิยมเลี้ยงเป็นปลาสวยงามกันมาก โดยจะเลี้ยงเป็นปลาที่เก็บเศษอาหารที่ปลาอื่นกินเหลือในตู้ เนื่องจากเป็นปลาที่หากินตามพื้นน้ำ', 'สีสันที่สวยงามสะดุดตา รวมทั้งอุปนิสัยที่ไม่ดุร้ายสามารถอยู่รวมกับปลาชนิดอื่น ๆ ได้เป็นอย่างดี จึงนิยมเลี้ยงเป็นปลาสวยงามกันมาก', 1, 1, 4, 2, '', '20/04/2016'),
(20, 1, 'ปลาซัคเกอร์', '22', '33', 'asasas_.jpg', '           พูดถึง ปลาซัคเกอร์ เพื่อนๆ หลายคน คงร้องยี้ ด้วยรูปร่างหน้าตา ที่น่าเกลียด น่ากลัว ปากดูด จุ๊บๆ จ๊วบ ๆ ลำตัวที่เป็นเกราะ สีดำ บางคนเรียก ปลาชนิดนี้ ว่า ปลาตุ๊กแก ปลาซัคเกอร์ ได้ถูกนำเข้ามา ในประเทศไทย เป็นเวลาหลายสิบปีแล้ว มีถิ่นกำเนิดจาก ลุ่มน้ำต่างๆ ในทวีป อเมริกาใต้ ด้วยคุณลักษณะ ประจำตัว ที่ชอบดูด ตะไคร่ ดูดหาเศษ อาหาร ตามพื้นตู้ เหล่านักเลี้ยงจึง มอบหมาย ให้เป็น พนักงานเทศบาล ประจำตู้ หรือบ่อ ไปโดยปริยาย\r\n          ปลาซัคเกอร์ที่พบในธรรมชาติจะอาศัยอยู่ตามลำธารน้ำ ที่มีน้ำไหลผ่านตลอดเวลา โดยปากจะมีลักษณะพิเศษสามารถดูดติดกับก้อนหินได้ เพื่อมิให้ไหลตามกระแสน้ำไป โดยธรรมชาติเป็นปลาที่ขี้อายจะอาศัยหลบอยู่ตามซอกหิน ใช้ปากดูดกินตะไคร่และสิ่งมีชีวิตเล็กๆที่ลอยมาตามน้ำ บริเวณที่ปลาอาศัยอยู่น้ำจะใสสะอาดและมีอ๊อกซิเจนอยู่ในปริมาณสูง ดังนั้นเมื่อผู้เลี้ยงนำปลามาเลี้ยงควรที่จะจัดสภาพแวดล้อมให้มีลักษณะ คล้ายกับ ธรรมชาติที่ปล าเคยอาศัยอยู่', ' -', 1, 2, 1, 1, '', '20/04/2016'),
(21, 1, 'ปลาปอมปาดัวร์', '11', '222', 'qaas_.jpg', '       มีรูปร่างทรงกลมเป็นรูปไข่คล้ายจาน ลำตัวแบนข้างมากเหมือนปลาเทวดา ครีบหลังและครีบท้องเรียงเป็นแถวยาวตลอดจนถึงโคนครีบหาง มีลวดลายและสีสันบนลำตัวหลายหลากสีสวยงามตามชนิด มีถิ่นกำเนิดในลุ่มแม่น้ำอเมซอนในทวีปอเมริกาใต้ มีขนาดใหญ่เต็มที่ไม่เกิน 7 นิ้ว มักอาศัยรวมกันเป็นในระดับกลางน้ำที่ไหลเอื่อย ๆ มีพุ่มไม้น้ำขึ้นหนาแน่น มีค่าความเป็นกรดเป็นด่างของน้ำ (pH) ราว 6.4-7.5', 'ปลาปอมปาดัวร์เป็นปลาที่มีสัสันสวยงามมาก จนได้รับฉายาว่า "ราชินีแห่งปลาตู้"', 1, 2, 4, 2, '', '20/04/2016'),
(22, 1, 'ปลาตองลาย(เเม่น้ำโขง)', '60', '10', 'dfdf_.jpg', '          เป็นปลาที่พบได้เฉพาะแม่น้ำโขงและลำน้ำสาขาที่ไหลสู่แม่น้ำโขง โดยมีรายงานพบเมื่อปี พ.ศ. 2510 และมีรายงานพบที่แม่น้ำน่านด้วยเมื่อไม่นานมานี้ ซึ่งถือว่าเป็นมีแค่เพียงสองแหล่งนี้ในโลกเท่านั้น เป็นปลาที่หายากชนิดหนึ่ง โดยมีชื่อติดอยู่ในบัญชีแดงของสหภาพเพื่อการอนุรักษ์ธรรมชาติ (IUCN Red List) เมื่อปี พ.ศ. 2537 ด้วย โดยอยู่ในระดับหายาก', 'เป็นปลาที่หายาก ถ้าใครมีไว้ครอบครองนับว่าเป็นปลาที่ผู้ที่รักเลี้ยงปลาทุกคนต้องลองเลี้ยงสักครั้งนึง', 1, 3, 2, 1, '', '20/04/2016'),
(23, 1, 'แฟนซี คาร์ฟ (Fancy carp)', '135', '25', 'weqe_23.jpg', '                          ลักษณะทั่วไป : โดยทั่วไปปลาเพศเมียจะมีความกว้างของลำตัวมากกว่าปลาเพศผู้ บริเวณส่วนท้องจะใหญ่ นิ่ม ช่วงหัวจะกลม และป้านกว่าเพศผู้  ในฤดูสืบพันธุ์ปลาเพศเมียที่มีไข่แก่สมบูรณ์  จะมีส่วนท้องขยายกว้าง ใหญ่ออกจนถึงเกือบจะเป็นรูปสามเหลี่ยม  เมื่อจับหงายท้องดูที่ช่องเพศจะสังเกตเห็นช่องเพศใหญ่และนูน  ออกเป็นรูปกลม ส่วนปลาเพศผู้ช่องเพศมีลักษณะเล็กเรียวกว่า และเว้าข้างในเล็กน้อย  เมื่อจับรีดท้องเพียงเบา ๆ จะมีน้ำเชื้อสีขาวไหลออกมา และเมื่อเอามือลูบบริเวณแก้มหรือครีบหูจะรู้สึกสาก ๆ\r\n\r\n                        ที่อยู่อาศัย : ดำรงชีวิตอยู่ในแหล่งน้ำจืด ที่มีอุณหภูมิที่แตกต่างกันได้ดีมาก แม้ในสภาพอากาศร้อนปลาชนิดนี้\r\nก็สามารถปรับตัวให้เข้ากับสภาพอากาศได้ จึงแพร่ขยายพันธุ์ออกไปได้ทั่วโลก', 'เป็นปลาที่มีความเชื่อว่า ถ้าเลี้ยงจะนำโชคลาภเข้ามาภายในบ้าน นิยมเลี้ยงกันมาก โดยเฉพาะประเทศญี่ปุ่น เป็นปลาที่มีความอดทนสูง ชอบว่ายทวนน้ำเพื่อไปวางไข่ ', 1, 1, 4, 4, '', '20/04/2016'),
(24, 1, 'ปลาเสือพ่นน้ำ(Archer fish)', '20', '5', 'esre_.jpg', '        ปลาเสือพ่นน้ำ (Toxotidae) มีรูปร่างเป็นสามเหลี่ยม ปากกว้างมีขนาดใหญ่เฉียงลงด้านล่างและจะงอยปากยืดหดได้ มีตากลมโต เกล็ดสาก ครีบหลังแบ่งออกเป็น 2 ตอน ตอนแรกเป็นครีบแข็ง ตอนหลังเป็นครีบอ่อนมีลักษณะใสโปร่งแสง พื้นลำตัวสีขาวอมเหลือง มีจุดวงกลมสีดำขนาดใหญ่ ประมาณ 3-4 จุด ซึ่งนับว่าปลาเสือพ่นน้ำชนิดนี้เป็นปลาเสือพ่นน้ำชนิดที่มีจุดวงกลมนี้มากที่สุด และเป็นปลาเสือพ่นน้ำที่พบได้มากและแพร่หลายที่สุด\r\n       ขนาดโตเต็มที่ประมาณ 30-40 เซนติเมตร นิยมว่ายหากินอยู่ตามผิวน้ำเป็นฝูงเล็ก ๆ ไม่เกิน 20 ตัว พบได้ตามแม่น้ำลำคลองทั่วไปจนถึงเขตน้ำกร่อยเช่น ป่าชายเลน ในภูมิภาคเอเชียตะวันออกเฉียงใต้รวมถึงประเทศไทยด้วย สามารถฉีดพ่นน้ำจากปากใส่แมลงที่อยู่เหนือน้ำได้เหมือนปืนฉีดน้ำ ', '-', 2, 3, 4, 1, '', '20/04/2016'),
(25, 1, 'ปลาพีค็อกแบส(Peacock bass)', '60', '10', 'dee_.jpg', '           มีลักษณะลำตัวทั่วไป มีส่วนหัวขนาดใหญ่ ริมฝีปากหนา ลำตัวยาว พื้นลำตัวเป็นสีเขียวอมส้ม เป็นปลาที่ดวงตาขนาดใหญ่ และสายตาดี มีพละกำลังมากมาย เป็นปลากินเนื้อที่มีขนาดกลางจนถึงขนาดใหญ่ โดยชนิดที่ใหญ่ที่สุด อาจยาวได้ถึง 30 นิ้ว จัดเป็นปลากินเนื้อน้ำจืดที่มีขนาดใหญ่ที่สุดจำพวกหนึ่งที่พบได้ในทวีปอเมริกาใต้\r\n           ขณะที่ยังเป็นลูกปลาวัยอ่อนอยู่ จะมีสีอ่อนกว่าปลาที่เต็มวัย และมีแถบสีดำขนานกับลำตัวของตั้งแต่แก้มไปจนถึงหาง เมื่อโต แถบดังกล่าวจะหายไป', '-', 2, 3, 4, 1, '', '20/04/2016'),
(26, 1, 'ปลาเงินปลาทอง(goldfish)', '15', '3', 'dsdsd_.jpg', '           ปลาทองมีรูปร่างอ้วน ป้อม มีเกล็ดแบบบางเรียบ ครีบอกกลมแบน ครีบหางเป็นรูปพัด เป็นปลากินพืช และแมลงน้ำขนาดเล็กเป็นอาหาร เป็นปลาที่ตะกละสามารถกินอาหารได้ตลอดทั้งวัน ตัวผู้เมื่อถึงฤดูผสมพันธุ์จะมีตุ่มสิวขึ้นตามครีบอกและใบหน้า ปลาตัวท้องช่องท้องจะอูมเป่งออก วางไข่ตามพืชน้ำ ไข่ใช้เวลาฟักตัวประมาณ 2 วัน', '              การเลี้ยงปลาทองยังอยู่ในความเชื่อของชาวจีนอีกด้วยว่าก่อให้เกิดโชคลาภ โดยว่ากันตามหลักฮวงจุ้ยว่ากันด้วยเรื่องจำนวนของปลาที่เลี้ยง, สีของปลา และตำแหน่งการวางตู้ปลาหรือบ่อเลี้ยงด้วย ซึ่งแตกต่างออกไปตามลักษณะของบ้านและเจ้าของ โดยมากจะมักเลี้ยงเป็นจำนวน 9 ตัว เป็นปลาสีแดง 1 ตัว ร่วมกับปลาสีอื่น ๆ และปลาสีดำ 1 ตัว และยังเชื่ออีกด้วยว่าปลาทองสามารถรับเคราะห์แทนผู้เป็นเจ้าของได้', 1, 1, 4, 1, '', '20/04/2016'),
(27, 1, 'ปลาสอด(Moonfish)', '8', '2', 'sdad_.jpg', '          ปลาสอดเป็นปลาพื้นเมืองดั้งเดิมมาจากเม็กซิโกจนถึงเวเนซุเอลา ที่สีสันในธรรมชาติจะเป็นสีน้ำเงินทึม ๆ หรือสีเขียววาว ๆ มีขนาดความยาวโดยเฉลี่ย 10-15 เซนติเมตร โดยที่ตัวผู้จะมีสีที่สวยกว่าตัวเมีย รวมทั้งครีบต่าง ๆ ที่ใหญ่ยาวกว่า ขณะที่ลำตัวของตัวเมียนั้นจะใหญ่กว่า ท้องอูมป่องกว่าอย่างเห็นได้ชัดเจน เป็นปลาที่อาศัยและหากินอยู่บริเวณผิวน้ำเป็นฝูง โดยกินตะไคร่น้ำ, สาหร่าย, พืชน้ำขนาดเล็ก รวมทั้งตัวอ่อนของแมลงต่าง ๆ เช่น ลูกน้ำ เป็นต้น โดยบางครั้งอาจพบได้จนถึงแหล่งน้ำกร่อย\r\n           ปลาสอดจะเติบโตได้ดีและให้ลูกได้ดีที่สุดเมื่ออยู่ในระดับอุณหภูมิอย่างต่ำที่สุด 22 องศาเซลเซียส และอุณหภูมิที่ 24 องศาเซลเซียส โดยปลาจะให้ลูกได้ดีที่สุด เมื่ออยู่ในอุณหภูมิ 23 องศาเซลเซียส ปลาตัวเมียที่มีสุขภาพสมบูรณ์จะออกลูกทุก ๆ 4 สัปดาห์ ปกติจะออกลูกคราวละ 2-200 ตัว แต่โดยเฉลี่ยแล้วจะออกลูกคราวละ 20 ตัว', 'ไม่มี', 1, 1, 4, 1, '', '20/04/2016'),
(28, 1, 'ปลาสะนาก(เเซลมอน เมืองไทย)', '40', '8', 'rtet_28.jpg', '              มีลักษณะ ลำตัวยาวทรงกระบอก หัวและปากแหลม ปากกว้างมาก จะงอยปากล่างงุ้มคล้ายตะขอ ไม่มีหนวด เกล็ดเล็ก ลำตัวสีเงินวาว ข้างลำตัวมีประสีน้ำเงินคล้ำ หางเว้าเป็นแฉกลึกสีแดงมีแถบสีดำใกล้ขอบบนและขอบล่าง ครีบหลังสีเหลืองอ่อนมีแต้มคล้ำ ในตัวผู้มีตุ่มข้างแก้มแตกต่างจากตัวเมียโดยเฉพาะในฤดูผสมพันธุ์ และสีลำตัวจะเปลี่ยนเป็นสีชมพูอมส้ม ขนาดประมาณ 15 - 45 เซนติเมตร\r\n               เป็นปลากินเนื้อ มักอยู่รวมเป็นฝูงเล็ก ๆ หากินบริเวณผิวน้ำ ล่าเหยื่อได้แก่ ปลาขนาดเล็ก กุ้ง ปู ต่าง ๆ เป็นปลาที่มีความว่องไว ปราดเปรียวมากและว่ายน้ำเคลื่อนไหวตลอดเวลา มีรูปร่างคล้ายปลาแซลมอน ที่พบในต่างประเทศ จึงได้ฉายาจากนักตกปลาว่า "แซลม่อนเมืองไทย"', 'ไม่มี', 3, 3, 4, 1, '', '20/04/2016'),
(29, 1, 'ปลาอะราไพม่า(ปลาช่อนยักษ์ อเมซอน)', '400', '25', 'sdsd_.jpg', '              มีรูปร่างคล้ายปลาช่อน (Channa stiata) มาก เป็นปลาที่มีขนาดใหญ่มาก เกล็ดมีขนาดใหญ่ มีสีดำเงาเป็นมัน ครีบบน ครีบล่าง มีตำแหน่งค่อนไปทางหาง มีแถบสีแดง-ส้ม ตัดกับพื้นสีดำ มีลำตัวค่อนข้างกลมและเรียวยาว ส่วนหัวมีลักษณะแข็งและมีน้ำหนักมาก ส่วนลำตัวด้านท้ายมีลักษณะแบนกว้าง ในขณะที่ปลายังเล็กพื้นลำตัวจะมีสีเขียวเข้ม และลำตัวส่วนที่ค่อนไปทางหางจะเป็นสีดำ และรูปร่างจะออกไปทางทรงกระบอก เมื่อโตขึ้นบริเวณลำตัวและส่วนที่ค่อนไปทางหาง ครีบ และหาง จะปรากฏสีชมพูปนแดงหรือสีบานเย็นประแต้มกระจายอยู่ทั่วไป เมื่อจวนตัว ปลาอะราไพม่าจะใช้ส่วนหัวที่แข็งพุ่งชนและกระโดดใส่เมื่อความรุนแรงเพื่อป้องกันตัวพบในแม่น้ำอเมซอนและลุ่มน้ำสาขาในทวีปอเมริกาใต้\r\n           ปลาอะราไพม่ากินอาหาร ได้แก่ ปลาและสัตว์น้ำขนาดเล็กเป็นอาหาร โดยใช้ลิ้นที่แข็งเป็นกระดูกนั้นบดอาหารกับเพดานปาก[3] ในบางครั้งสามารถกินสัตว์เลือดอุ่นขนาดเล็กกว่าที่อยู่บนบก เช่น ลิง หรือ สุนัข หรือ นก ด้วยการกระโดดงับได้อีกด้วย', 'เป็นปลาที่มีอายุยืน ไม่ก้าวร้าว', 2, 3, 2, 4, '', '20/04/2016'),
(30, 1, 'ปลากระโห้(Siamese giant carp)', '300', '150', 'fdfdf_.png', '        ลักษณะสำคัญคือ ส่วนหัวโต ปากกว้าง ตาเล็ก ไม่มีหนวด ปลาวัยอ่อนหัวจะโตมากและลำตัวค่อนไปทางหาง ทำให้แลดูคล้ายปลาพิการไม่สมส่วน ขอบฝาปิดเหงือกมนกลมและใหญ่กว่าปลาชนิดอื่น ๆ ครีบหลังและครีบหางใหญ่ มีเกล็ดขนาดใหญ่ปกคลุมลำตัว บนเพดานปากมีก้อนเนื้อหนา เหงือกมีซี่กรองยาวและถี่มาก ตัวมีสีคล้ำอมน้ำเงินหรือน้ำตาลเข้ม ครีบมีสีแดงเรื่อ ๆ ด้านท้องมีสีจาง\r\n        อาหารของปลากระโห้คือ แพลงก์ตอนและปลาขนาดเล็ก แต่ก็สามารถกินพืชเช่น สาหร่ายหรือเมล็ดพืชได้', 'ไม่มี', 1, 1, 1, 1, '', '20/04/2016'),
(31, 1, 'ปลาหางนกยูง(ปลาเริ่มต้นของนักเลี้ยงปลา)', '8', '2', 'kkk_.jpg', '                   ปลาหางนกยูง  เป็นปลาน้ำจืดขนาดเล็กชนิดหนึ่ง ในวงศ์ปลาสอด (Poeciliidae) เป็นปลาน้ำจืดที่มีขนาดเล็ก มีความยาวเต็มที่ไม่เกิน 5 นิ้ว มีจุดเด่นคือครีบหางที่มีขนาดใหญ่ ตัวผู้และตัวเมียมีความแตกต่างกันจนเห็นได้ชัด กล่าวคือ ตัวผู้มีขนาดลำตัวที่เล็กกว่ามาก แต่มีสีสันและครีบที่สวยงามกว่า ขณะที่ตัวเมียตัวใหญ่กว่า ท้องอูม สีสันและครีบเครื่องเล็กกว่า\r\n                  มีการกระจายพันธุ์บริเวณทวีปอเมริกากลางจนถึงอเมริกาใต้ อาศัยอยู่ในแหล่งน้ำจืดจนถึงน้ำกร่อยที่มีกระแสน้ำไหลเอื่อย ๆ เป็นปลาอาศัยอยู่รวมเป็นฝูง หากินบริเวณผิวน้ำ โดยกินทั้งพืชและสัตว์น้ำรวมถึงแมลงหรือตัวอ่อนแมลงขนาดเล็กด้วย', 'ไม่มี (เเต่สามารถกำจัดลูกน้ำยุงลายได้)', 1, 2, 4, 4, '', '20/04/2016'),
(32, 1, 'ปลาเทพา(เจ้าเเห่งเเม่น้ำเจ้าพระยา)', '300', '20', 'ggggg_.jpg', '                เป็นปลาน้ำจืดขนาดใหญ่ชนิดหนึ่ง มีชื่อวิทยาศาสตร์ว่า Pangasius sanitwongsei อยู่ในวงศ์ปลาสวาย (Pangasiidae) ชื่อวิทยาศาสตร์ของปลาชนิดนี้ตั้งโดย ดร.ฮิว แมคคอร์มิค สมิธ อธิบดีกรมประมงคนแรก เพื่อเป็นเกียรติแด่ ม.ร.ว.สุวพันธุ์ สนิทวงศ์ ในฐานะที่เป็นผู้ผลักดันและบุกเบิกให้มีหน่วยงานทางด้านการศึกษาและจัดการสัตว์น้ำในประเทศ ซึ่งก็คือกรมประมงในปัจจุบัน\r\n               ปลาเทพาได้รับฉายาว่า "เจ้าแห่งแม่น้ำเจ้าพระยา" เนื่องจากเป็นปลาที่มีขนาดใหญ่ที่สุดในลุ่มแม่น้ำสายนี้ โดยเมื่อโตเต็มที่จะมีขนาดลำตัวยาวประมาณ 1–1.25 เมตร ขนาดใหญ่สุดพบยาวกว่า 3 เมตร และมีน้ำหนักมากกว่า 100 กิโลกรัม ', 'ไม่พบ', 1, 3, 1, 4, '', '20/04/2016'),
(33, 1, 'ปลากระเบนโมโตโร่ ', '80', '10', 'dd_33.jpg', '               ปลากระเบนที่อาศัยอยู่ในน้ำจืดชนิดหนึ่ง ในวงศ์ปลากระเบนหางสั้น (Potamotrygonidae) มีลักษณะตัวกลมคล้ายจานข้าวหรือแผ่นซีดี ผิวลำตัวสีน้ำตาลอ่อนหรือเข้ม มีจุดกลมสีส้มอมเหลืองวงรอบด้วยสีน้ำตาลเข้มกระจายไปจนถึงโคนหาง มีเงี่ยงแหลมคม 2 ชิ้นที่โคนหาง ที่ปลายหางมีริ้วหนังบาง ๆ โดยที่จุดกลมเหล่านี้จะแตกต่างและมีปริมาณมากน้อยไม่เท่ากันในแต่ละตัว\r\n                ปลากระเบนโมโตโร่ ได้รับความนิยมอย่างมากในฐานะของการเป็นปลาตู้สวยงาม โดยผู้เลี้ยงสามารถเพาะขยายพันธุ์ในที่เลี้ยงได้ โดยปลาที่จะเริ่มผสมพันธุ์ได้นั้นจะมีความยาวลำตัวประมาณ 2 ฟุต อายุราว 1 ปีครึ่ง และสามารถผสมพันธุ์ออกมาเป็นลูกปลาที่มีสีสันและลวดลายสวยแปลกตากว่าดั้งเดิมได้หลากหลาย', 'ไม่พบ', 2, 3, 1, 4, '', '20/04/2016'),
(34, 1, 'ปลาหมอฟรอนโตซ่า(Cyphotilapia frontosa)', '30', '20', 'edd_.jpg', '            มีรูปร่างแบนข้าง ริมฝีปากหนา ลำตัวสีขาวคาดด้วยแถบสีดำเป็นปล้อง ๆ ตลอดลำตัว ครีบต่าง ๆ ปลายครีบยาวแหลมโดยเฉพาะตัวผู้ เมื่อโตขึ้นหัวของตัวผู้จะโหนกนูนเห็นได้ชัดเจน\r\n            ในแวดวงปลาสวยงามจะจำแนกปลาหมอฟรอนโตซ่าเป็นสายพันธุ์ย่อยต่าง ๆ โดยแบ่งตามเกณฑ์ที่พบในแหล่งน้ำหรือภูมิภาคต่าง ๆ ซึ่งสามารถแบ่งได้นับ 10 สายพันธุ์ แต่ไม่จัดว่าเป็นการแบ่งตามหลักอนุกรมวิธาน\r\n             ปลาหมอฟรอนโตซ่าจะเข้าสู่วัยเจริญพันธุ์ได้เมื่อถึงอายุ 3-4 ปี โดยตัวเมียจะมีพฤติกรรมอมไข่หลังจากไข่ได้รับการปฏิสนธิแล้ว ใช้เวลาฟักเป็นตัวราว 4 สัปดาห์', 'ราชาปลาหมอสี', 5, 3, 1, 5, '', '20/04/2016'),
(35, 1, 'ปลาอัลลิเกเตอร์ หรือ ปลาจระเข้', '200', '30', 'hhhh_.jpg', '           มีลักษณะเด่น คือ มีส่วนปากยาวคล้ายกับจระเข้หรืออัลลิเกเตอร์ รูปร่างกลมยาว ตากลมสีดำ บริเวณลำตัวจรดหางคล้ายปลา มีครีบเล็กใต้ท้อง 2 ครีบคู่ ใต้ท้องสีขาว บริเวณปลายหาง ใกล้หางมีครีบใหญ่อีก 2 ครีบ ซึ่งโคนหางด้านบนมีขนาดใหญ่กว่าโคนหางด้านล่างอย่างเห็นได้ชัดเจน ครีบหางกลมมนเป็นรูปพัด เป็นปลาที่กระจายพันธุ์อยู่ในแหล่งน้ำจืดต่าง ๆ เช่น แม่น้ำ หรือทะเลสาบ ของสหรัฐอเมริกาทางตอนใต้ เช่น รัฐฟลอริดา และหลุยส์เซียน\r\n          ซึ่งในความเป็นจริงแล้ว ปลาอัลลิเกเตอร์เป็นปลาที่ไม่ดุร้าย ไม่ทำร้ายหรือกินมนุษย์เป็นอาหาร แต่จะกินปลาต่าง ๆ เป็นอาหาร รวมถึงสัตว์ปีกเช่น นกเป็ดน้ำ ได้\r\n           ปลาอัลลิเกเตอร์มีปากเรียวยาวเหมือนอัลลิเกเตอร์ ที่ภายในมีฟันที่แหลมคม 2 แถว ประมาณ 500 ซี่ ใช้สำหรับงับเหยื่อก่อนที่จะกลืนลง ไป เกล็ดของปลาอัลลิเกเตอร์มีความหนาและแข็ง ลักษณะเป็นรูปสามเหลี่ยมเหมือนเพชร มีสารเหมือนกับสารเคลือบฟันเคลือบอยู่ มีความคมเมื่อถูจะถูกบาดทำให้เกิดบาดแผลได้ อินเดียนแดง ซึ่งเป็นชนพื้นเมืองของอเมริกาใช้เกล็ดของปลาอัลลิเกเตอร์ทำเป็นหัวลูกศร', 'ไม่พบ', 2, 4, 1, 4, '', '20/04/2016'),
(36, 1, 'ปลากระทิงไฟ (Fire spiny eel)', '60', '10', 'dfsdf_.jpg', '             ปลาน้ำจืดพื้นเมืองของไทยชนิดหนึ่ง มีชื่อวิทยาศาสตร์ว่า Mastacembelus erythrotaenia อยู่ในวงศ์ปลากระทิง (Mastacembelidae) มีรูปร่างเหมือนปลาในวงศ์นี้ทั่วไป กล่าวคือ รูปร่างยาวคล้ายงูหรือปลาไหล \r\n             ปลากระทิงไฟ มีลักษณะเด่นคือ เป็นปลาที่มีสีสันและลวดลายสวยงามมาก อันเป็นที่มาของชื่อ โดยพื้นลำตัวมีสีน้ำตาลเข้มจนถึงดำสนิทและประแต้มด้วยแถบสีแดงสดเป็นเส้นๆ และเป็นจุด ๆ ลักษณะคล้ายกับเส้นประ โดยลายนี้จะคาดตามความยาวจากหัวจรดหางหัวค่อนข้างแหลม\r\n             มีพฤติกรรมหากินในเวลากลางคืน โดยมักชอบหลบอยู่ใต้ซากไม้ใต้น้ำเพื่อรออาหาร ซึ่งได้แก่ ปลาขนาดเล็กและสัตว์น้ำขนาดเล็กทั่วไป', 'ไม่มี', 5, 3, 1, 5, '', '20/04/2016'),
(37, 1, 'ปลาหมอเเพนด้า (Panda Cichlid )', '20', '10', 'sadasd_.jpg', 'ปลาหมอเเพนด้า อาศัยอยู่ในน้ำจืดในประเทศบราซิล เเม่น้ำอเมซอนในส่วนของเเม่น้ำที่เป็นสีดำ (Black water)\r\nมีนิสัยไม่ดุร้าย ชอบอยู่รวมกันเป็นฝูง กินหนอน ปลาตัวเล็กๆเป็นอาหาร', 'ไม่พบ', 5, 3, 4, 5, '', '20/04/2016'),
(38, 1, 'ปลาหมอนกแก้ว(นกเเก้ว เลิฟ)', '15', '5', 'fdfs_.jpg', 'ปลาหมอนกแก้ว (ชื่อวิทยาศาสตร์ Amphilophus citrinellum x Vieja synspila) เป็นพันธุ์ลูกผสมระหว่างปลาหมอฟลามิงโก้ และปลาหมอซินสไปลุ่ม มีปากคล้ายกับนกแก้ว กำเนิดในประเทศไต้หวัน ขนาดโตเต็มที่ 10 – 15 เซนติเมตร มีดวงตาโต ม่านตาใหญ่จนบางคราวดูไม่เหมือนทรงกลม เป็นวงรีหรือไม่ก็เป็นขีด ดำๆ หนาๆ พาด ผ่านตามแนวนอนของ ลูกตา ตู้ที่เหมาะสม ไม่ควรต่ำกว่า 30 นิ้ว เป็น ปลาที่ค่อนข้าง ก้าวร้าว อันที่จริง เป็นปลาที่ไม่ค่อยดุนัก และสามารถเลี้ยงรวมกับปลาอื่นที่ ขนาดเท่ากันได้ สามารถให้อาหารสำเร็จรูปและสัตว์น้ำขนาดเล็กเป็นอาหารได้\r\n', 'ไม่มี', 5, 2, 4, 1, '', '20/04/2016'),
(39, 1, 'ปลากระดี่มุก(Osphronemidae)', '13', '3', 'dsds_.jpg', '            มีรูปร่างคล้ายปลากระดี่หม้อ (T. trichopterus) ซึ่งเป็นปลาที่อยู่ในสกุลเดียวกัน แต่กระดี่มุกมีลำตัวกว้างกว่าเล็กน้อย ครีบหลัง ครีบหาง และครีบก้นมีขนาดใหญ่และมีก้านครีบอ่อนยาวเป็นเส้นริ้ว ลำตัวสีเงินจาง มีแถบสีดำจางพาดยาวไปถึงโคนครีบหาง ท้องมีสีส้มหรือสีจาง และมีจุดกลมสีเงินมุกหรือสีฟ้าเหลือบกระจายไปทั่ว อันเป็นที่มาของชื่อสามัญ ครีบท้องเป็นสีส้มสดหรือสีเหลือง\r\n            เป็นปลาจำพวกปลากระดี่ที่พบในธรรมชาติได้น้อยที่สุดในประเทศไทย โดยจะพบในเฉพาะพื้นที่ภาคกลางและภาคใต้ตอนล่างเท่านั้น เเละนิยมเลี้ยงเป็นปลาตู้สวยงาม โดยเฉพาะในตู้ไม้น้ำ เป็นปลาที่สามารถเพาะพันธุ์ในสถานที่เลี้ยงได้ และมีการแข่งขันประกวดความสวยงามอีกด้วย', 'ไม่มี', 1, 2, 4, 2, '', '20/04/2016'),
(40, 1, 'ปลาคู้แดง (ปลาฟันมนุษย์)', '80', '20', 'f3bbabdd012bbf70854437f489ea01d6', '           ปลาเปคูแดง เป็นปลาน้ำจืดชนิดหนึ่ง ในวงศ์ปลาคาราซิน (Characidae) วงศ์ย่อย Serrasalminae มีรูปร่างเหมือนกับปลาปิรันยาแดง (Pygocentrus nattereri) แต่ปลาคู้แดงมีขนาดลำตัวที่ใหญ่กว่า กรามล่างไม่ยื่นยาวออกมาและลักษณะของฟันไม่แหลมคมเหมือนกับปลาปิรันยาแดง เกล็ดมีขนาดเล็กละเอียด มีสีสันแวววาวเหมือนกับปลาปิรันยาแดง แต่ในส่วนของสีแดงไม่เข้มเท่า แต่ลูกปลาวัยอ่อนมีจุดกลมสีแดงเหมือนกัน และจุดเหล่านี้จะค่อย ๆ เล็กลงและหายไปเมื่อปลาโตขึ้น\r\n          ชอบอยู่รวมกันเป็นฝูง กินอาหารได้ทั้งพืชและสัตว์ โดยเฉพาะพืชเช่นเมล็ดพืชหรือลูกไม้ที่ร่วงหล่นจากต้น โดยจะไปรอกินถึงบริเวณผิวน้ำเลยทีเดียว ปลาคู้แดงเป็นปลาที่โตไว กินง่าย เลี้ยงง่าย ผสมพันธุ์ง่าย ', 'ไม่พบ', 2, 2, 4, 4, '', '15/05/2017');

-- --------------------------------------------------------

--
-- Table structure for table `living`
--

CREATE TABLE `living` (
  `id` int(5) UNSIGNED NOT NULL,
  `name` varchar(100) NOT NULL,
  `detail` text NOT NULL
) ENGINE=InnoDB DEFAULT CHARSET=utf8;

--
-- Dumping data for table `living`
--

INSERT INTO `living` (`id`, `name`, `detail`) VALUES
(1, 'รักสันโดษ', 'ไม่สามารถเข้ากลุ่มใดๆ ได้'),
(2, 'รักสันโดษ/อยู่เป็นคู่', 'รักสันโดษ แต่ถ้ามีคู่จะอยู่เป็นคู่ ไม่ห่างไปไหน'),
(3, 'รักสันโดษ/อยู่เป็นคู่/อยู่เป็นกลุ่ม', 'สามารถอยู่ตัวเดียวได้ สามารถอยู่เป็นคู่ได้ แต่ถ้ามีหลายตัวจะเกาะกลุ่มด้วยกัน'),
(4, 'อยู่เป็นกลุ่ม', 'นิยมการอยู่เกาะกลุ่มไม่แยกตัว');

-- --------------------------------------------------------

--
-- Table structure for table `member`
--

CREATE TABLE `member` (
  `id` int(5) UNSIGNED NOT NULL,
  `title` enum('นาย.','นาง.','นางสาว.') NOT NULL DEFAULT 'นาย.',
  `fullname` varchar(150) NOT NULL,
  `birthdate` varchar(10) NOT NULL,
  `address` text NOT NULL,
  `email` varchar(50) NOT NULL,
  `password` varchar(32) NOT NULL,
  `phone` varchar(15) NOT NULL,
  `date_create` varchar(10) NOT NULL,
  `date_activity` varchar(19) NOT NULL,
  `picture` varchar(100) NOT NULL,
  `role` enum('admin','member') NOT NULL DEFAULT 'member'
) ENGINE=InnoDB DEFAULT CHARSET=utf8;

--
-- Dumping data for table `member`
--

INSERT INTO `member` (`id`, `title`, `fullname`, `birthdate`, `address`, `email`, `password`, `phone`, `date_create`, `date_activity`, `picture`, `role`) VALUES
(1, 'นาย.', 'เจ้าบ้าน (Fish Master)', '01/03/2016', 'no', 'admin@email.com', '1234', '0000000000', '30/03/2016', '', 'admin@email_com.jpg', 'admin'),
(2, 'นาย.', 'ลูกบ้าน1', '01/03/2016', 'no', 'arnold@email.com', '12345', '0000000000', '', '', 'arnold@email_com.jpg', 'member');

-- --------------------------------------------------------

--
-- Table structure for table `migrations`
--

CREATE TABLE `migrations` (
  `version` bigint(20) NOT NULL
) ENGINE=InnoDB DEFAULT CHARSET=utf8;

--
-- Dumping data for table `migrations`
--

INSERT INTO `migrations` (`version`) VALUES
(11);

-- --------------------------------------------------------

--
-- Table structure for table `nature`
--

CREATE TABLE `nature` (
  `id` int(5) UNSIGNED NOT NULL,
  `name` varchar(100) NOT NULL,
  `detail` text NOT NULL
) ENGINE=InnoDB DEFAULT CHARSET=utf8;

--
-- Dumping data for table `nature`
--

INSERT INTO `nature` (`id`, `name`, `detail`) VALUES
(1, 'เป็นมิตร', 'ปลานิสัยดีรักสงบ ปลากลุ่มนี้ชอบอยู่รวมกันเป็นฝูง รักสงบไม่ทำร้ายกันเอง ไม่ชอบอยู่ตัวคนเดียวโดดๆเพราะกลัวเหงา(ฮี่ๆ)หากอยู่ตัวเดียวจะชิงเหงาตายจึงควรเลี้ยงเป็นฝูงเพื่อไม่ให้เหงาจนตาย สำหรับปลากลุ่มนี้หากจะเลี้ยงรวมกับปลาชนิดอื่นควรหาปลาที่มีขนาดเท่าๆกัน'),
(2, 'นักสู้', 'ปลานิสัยหวงถิ่น เป็นปลากลุ่มประเภทที่ถิ่นข้าใครอย่าแหยม เป็นปลาที่ชอบปักหลักเป็นที่เป็นทาง มักมีอณาเขตเป็นของตัวเอง ปลากล่มนี้ไม่ชอบอยู่ร่วมกับปลาชนิดอื่น นิสัยโดยส่วนตัวไม่ดุร้ายนะแต่หากใครข้ามถิ่นเข้ามาก็มีเรื่อง'),
(3, 'ก้าวร้าว', 'ปลานิสัยก้าวร้าว ปลาพวกนี้ชอบอยู่รวมกันเป็นฝูงแล้วไปยกพวกตีกับคนอื่นโฮ่ๆๆ ... (ปลาช่วงกลหรือไงฟะ) แต่พอวันไหนว่างๆไม่รู้จะไปหาเรื่องกับใครก็จะหันมาอัดกันเองคลายเครียด ดังนั้นปลากลุ่มนี้หากจะเลี้ยงรวมกับปลาอื่นควรจะหากปลาที่ตัวใหญ่กว่ามาเลี้ยง'),
(4, 'ดุร้าย', 'ปลานิสัยดุร้าย พวกปลากลุ่มนี้เป็นนักเลงตัวจริงครับ และมักจะเป็นปลากินเนื้อ ไม่ชอบอยู่ร่วมกับใครหน้าไหน ชอบเป็นพระเอกฉายเดี่ยววันแมนโชว์ ปลาพวกนี้นอกจะหาเรื่องอัดชาวบ้านแล้วแม้นแต่พวกเดียวกันมันก็ไม่เว้น ดังนั้นปลาพวกนี้จึงมักเป็นนักโทษขังเดี่ยวเลี้ยงตัวเดียว แต่หากจะเลี้ยงรวมกับปลาชนิดอื่น ที่มีความสามารถหลบหลีกว่องไว และตู้ที่เลี้ยงควรมีขนาดที่ใหญ่เพื่อมีพื้นที่ในการหลบหนี อีกทั้งการให้อาหารก็ควรให้อย่างพอเพียงเพื่อป้องกันการแย่งอาหารกัน'),
(5, 'หวงถิ่นอาศัย', 'เป็นปลากลุ่มประเภทที่ถิ่นข้าใครอย่าแหยม เป็นปลาที่ชอบปักหลักเป็นที่เป็นทาง มักมีอณาเขตเป็นของตัวเอง ปลากล่มนี้ไม่ชอบอยู่ร่วมกับปลาชนิดอื่น นิสัยโดยส่วนตัวไม่ดุร้ายนะแต่หากใครข้ามถิ่นเข้ามาก็มีเรื่อง');

-- --------------------------------------------------------

--
-- Table structure for table `pool`
--

CREATE TABLE `pool` (
  `id` int(5) UNSIGNED NOT NULL,
  `shape` varchar(100) NOT NULL,
  `detail` text NOT NULL,
  `property` text NOT NULL,
  `describtion` text NOT NULL,
  `believe` text NOT NULL,
  `suggestion` text NOT NULL,
  `picture` varchar(32) NOT NULL
) ENGINE=InnoDB DEFAULT CHARSET=utf8;

-- --------------------------------------------------------

--
-- Table structure for table `webboard`
--

CREATE TABLE `webboard` (
  `id` int(5) UNSIGNED NOT NULL,
  `posted_by` int(5) UNSIGNED NOT NULL,
  `title` varchar(100) NOT NULL,
  `detail` text,
  `views` int(5) NOT NULL,
  `date_create` varchar(19) NOT NULL,
  `date_modify` varchar(19) NOT NULL
) ENGINE=InnoDB DEFAULT CHARSET=utf8;

--
-- Dumping data for table `webboard`
--

INSERT INTO `webboard` (`id`, `posted_by`, `title`, `detail`, `views`, `date_create`, `date_modify`) VALUES
(2, 1, 'ttt', 'tt', 10, '20/04/2016 12:38:57', '');

-- --------------------------------------------------------

--
-- Table structure for table `webboard_comment`
--

CREATE TABLE `webboard_comment` (
  `id` int(5) UNSIGNED NOT NULL,
  `webboard_id` int(5) UNSIGNED NOT NULL,
  `commented_by` int(5) UNSIGNED NOT NULL,
  `detail` text,
  `date_create` varchar(19) NOT NULL,
  `date_modify` varchar(19) NOT NULL
) ENGINE=InnoDB DEFAULT CHARSET=utf8;

--
-- Dumping data for table `webboard_comment`
--

INSERT INTO `webboard_comment` (`id`, `webboard_id`, `commented_by`, `detail`, `date_create`, `date_modify`) VALUES
(1, 2, 1, 'test', '20/04/2016 14:14:27', '');

--
-- Indexes for dumped tables
--

--
-- Indexes for table `compare`
--
ALTER TABLE `compare`
  ADD PRIMARY KEY (`id`);

--
-- Indexes for table `compare_comment`
--
ALTER TABLE `compare_comment`
  ADD PRIMARY KEY (`id`);

--
-- Indexes for table `compare_detail`
--
ALTER TABLE `compare_detail`
  ADD PRIMARY KEY (`id`);

--
-- Indexes for table `container`
--
ALTER TABLE `container`
  ADD PRIMARY KEY (`id`);

--
-- Indexes for table `feed`
--
ALTER TABLE `feed`
  ADD PRIMARY KEY (`id`);

--
-- Indexes for table `fish`
--
ALTER TABLE `fish`
  ADD PRIMARY KEY (`id`);

--
-- Indexes for table `living`
--
ALTER TABLE `living`
  ADD PRIMARY KEY (`id`);

--
-- Indexes for table `member`
--
ALTER TABLE `member`
  ADD PRIMARY KEY (`id`);

--
-- Indexes for table `nature`
--
ALTER TABLE `nature`
  ADD PRIMARY KEY (`id`);

--
-- Indexes for table `pool`
--
ALTER TABLE `pool`
  ADD PRIMARY KEY (`id`);

--
-- Indexes for table `webboard`
--
ALTER TABLE `webboard`
  ADD PRIMARY KEY (`id`);

--
-- Indexes for table `webboard_comment`
--
ALTER TABLE `webboard_comment`
  ADD PRIMARY KEY (`id`);

--
-- AUTO_INCREMENT for dumped tables
--

--
-- AUTO_INCREMENT for table `compare`
--
ALTER TABLE `compare`
  MODIFY `id` int(5) UNSIGNED NOT NULL AUTO_INCREMENT, AUTO_INCREMENT=4;
--
-- AUTO_INCREMENT for table `compare_comment`
--
ALTER TABLE `compare_comment`
  MODIFY `id` int(5) UNSIGNED NOT NULL AUTO_INCREMENT, AUTO_INCREMENT=4;
--
-- AUTO_INCREMENT for table `compare_detail`
--
ALTER TABLE `compare_detail`
  MODIFY `id` int(5) UNSIGNED NOT NULL AUTO_INCREMENT, AUTO_INCREMENT=11;
--
-- AUTO_INCREMENT for table `container`
--
ALTER TABLE `container`
  MODIFY `id` int(5) UNSIGNED NOT NULL AUTO_INCREMENT, AUTO_INCREMENT=6;
--
-- AUTO_INCREMENT for table `feed`
--
ALTER TABLE `feed`
  MODIFY `id` int(5) UNSIGNED NOT NULL AUTO_INCREMENT, AUTO_INCREMENT=5;
--
-- AUTO_INCREMENT for table `fish`
--
ALTER TABLE `fish`
  MODIFY `id` int(5) UNSIGNED NOT NULL AUTO_INCREMENT, AUTO_INCREMENT=41;
--
-- AUTO_INCREMENT for table `living`
--
ALTER TABLE `living`
  MODIFY `id` int(5) UNSIGNED NOT NULL AUTO_INCREMENT, AUTO_INCREMENT=5;
--
-- AUTO_INCREMENT for table `member`
--
ALTER TABLE `member`
  MODIFY `id` int(5) UNSIGNED NOT NULL AUTO_INCREMENT, AUTO_INCREMENT=3;
--
-- AUTO_INCREMENT for table `nature`
--
ALTER TABLE `nature`
  MODIFY `id` int(5) UNSIGNED NOT NULL AUTO_INCREMENT, AUTO_INCREMENT=6;
--
-- AUTO_INCREMENT for table `pool`
--
ALTER TABLE `pool`
  MODIFY `id` int(5) UNSIGNED NOT NULL AUTO_INCREMENT;
--
-- AUTO_INCREMENT for table `webboard`
--
ALTER TABLE `webboard`
  MODIFY `id` int(5) UNSIGNED NOT NULL AUTO_INCREMENT, AUTO_INCREMENT=3;
--
-- AUTO_INCREMENT for table `webboard_comment`
--
ALTER TABLE `webboard_comment`
  MODIFY `id` int(5) UNSIGNED NOT NULL AUTO_INCREMENT, AUTO_INCREMENT=2;
/*!40101 SET CHARACTER_SET_CLIENT=@OLD_CHARACTER_SET_CLIENT */;
/*!40101 SET CHARACTER_SET_RESULTS=@OLD_CHARACTER_SET_RESULTS */;
/*!40101 SET COLLATION_CONNECTION=@OLD_COLLATION_CONNECTION */;
